EmployeeID,Age,Department,JobRole,Gender,MaritalStatus,EducationField,Education,BusinessTravel,YearsAtCompany,YearsInCurrentRole,YearsSinceLastPromotion,YearsWithCurrManager,MonthlyIncome,PercentSalaryHike,StockOptionLevel,JobSatisfaction,EnvironmentSatisfaction,WorkLifeBalance,RelationshipSatisfaction,PerformanceRating,OverTime,TrainingTimesLastYear,NumCompaniesWorked,TotalWorkingYears,DistanceFromHome,Attrition,AgeBand
1,56,Research & Development,Research Director,Female,Married,Medical,2,Travel_Rarely,1,0,5,0,11103,13,3,2,4,4,3,3,No,5,5,13,18,Yes,55+
2,46,Human Resources,Human Resources,Male,Married,Medical,3,Travel_Rarely,17,10,1,13,5288,17,0,4,4,2,2,4,No,6,0,23,23,No,46-55
3,32,Research & Development,Manufacturing Director,Male,Married,Life Sciences,2,Travel_Rarely,2,0,1,0,9741,17,1,3,1,2,1,3,No,0,9,16,16,No,26-35
4,60,Sales,Manager,Female,Single,Life Sciences,4,Travel_Rarely,2,1,2,1,8521,11,2,4,1,2,4,4,No,4,6,15,7,Yes,55+
5,25,Sales,Sales Representative,Male,Single,Medical,3,Travel_Rarely,15,14,0,8,4162,16,0,1,3,1,3,3,No,2,7,24,21,No,18-25
6,38,Sales,Manager,Male,Single,Other,2,Travel_Rarely,3,2,8,1,10543,14,3,4,3,3,4,3,No,6,6,4,25,Yes,36-45
7,56,Research & Development,Manager,Male,Married,Life Sciences,4,Travel_Rarely,19,14,13,13,11632,21,0,1,1,3,1,3,Yes,1,8,29,3,Yes,55+
8,36,Sales,Sales Representative,Male,Married,Medical,5,Travel_Rarely,0,0,9,0,3174,18,2,2,1,3,3,3,No,1,0,8,25,No,36-45
9,40,Research & Development,Laboratory Technician,Male,Divorced,Marketing,4,Travel_Rarely,2,1,10,1,3903,18,1,2,4,2,4,3,No,4,9,14,5,Yes,36-45
10,28,Human Resources,Manager,Female,Married,Medical,4,Travel_Frequently,6,1,3,4,7347,13,0,4,3,4,3,3,No,1,8,11,18,No,26-35
11,28,Sales,Sales Representative,Male,Married,Life Sciences,5,Travel_Rarely,13,9,4,9,4261,14,2,4,3,2,2,3,Yes,4,2,26,25,No,26-35
12,41,Research & Development,Manufacturing Director,Male,Divorced,Medical,4,Travel_Rarely,1,0,6,0,11010,25,3,2,4,3,2,3,Yes,1,1,3,17,No,36-45
13,53,Human Resources,Human Resources,Male,Married,Life Sciences,5,Non-Travel,15,8,0,3,3618,11,0,1,4,1,3,3,No,5,5,23,1,No,46-55
14,57,Sales,Sales Executive,Male,Divorced,Other,5,Non-Travel,5,2,2,2,4933,20,1,2,4,2,4,3,No,0,4,13,16,No,55+
15,41,Research & Development,Research Scientist,Female,Married,Life Sciences,5,Travel_Rarely,9,7,13,7,6323,12,2,2,2,1,4,3,No,6,3,14,15,No,36-45
16,20,Research & Development,Research Scientist,Male,Single,Life Sciences,2,Travel_Rarely,3,1,2,0,6816,17,1,1,2,3,4,4,No,6,3,15,13,No,18-25
17,39,Human Resources,Manager,Male,Single,Life Sciences,3,Travel_Rarely,1,0,1,0,9059,25,3,2,1,2,2,3,No,1,7,10,7,Yes,36-45
18,19,Research & Development,Healthcare Representative,Male,Married,Life Sciences,2,Non-Travel,14,8,7,10,6232,24,1,4,3,1,1,3,No,6,9,19,3,No,18-25
19,41,Research & Development,Laboratory Technician,Male,Single,Marketing,5,Travel_Rarely,16,7,4,11,4286,21,3,4,4,2,1,3,Yes,1,2,23,24,No,36-45
20,47,Research & Development,Laboratory Technician,Male,Single,Life Sciences,3,Travel_Rarely,4,3,0,2,3954,22,3,2,4,3,3,3,No,2,0,11,23,No,46-55
21,55,Research & Development,Manager,Female,Married,Life Sciences,3,Non-Travel,0,0,11,0,11039,25,0,4,3,4,4,3,No,6,4,14,27,No,46-55
22,19,Research & Development,Manager,Male,Married,Medical,5,Travel_Rarely,0,0,1,0,9262,17,3,3,2,3,3,3,No,0,7,5,13,No,18-25
23,38,Research & Development,Research Scientist,Male,Married,Life Sciences,3,Travel_Rarely,5,2,0,2,7407,23,1,2,3,4,1,3,Yes,6,2,11,16,No,36-45
24,50,Research & Development,Laboratory Technician,Male,Single,Life Sciences,3,Travel_Rarely,0,0,14,0,3092,19,0,3,1,4,1,3,Yes,5,1,3,23,Yes,46-55
25,29,Sales,Sales Executive,Female,Married,Technical Degree,2,Travel_Rarely,3,2,5,2,4615,20,3,2,2,3,4,3,Yes,0,0,3,1,Yes,26-35
26,39,Sales,Sales Representative,Male,Married,Marketing,3,Travel_Rarely,2,1,8,1,3564,19,2,2,3,1,3,3,No,6,3,5,1,Yes,36-45
27,42,Sales,Sales Executive,Female,Divorced,Human Resources,5,Travel_Rarely,7,3,10,5,5950,19,2,3,3,2,4,3,No,0,1,14,28,No,36-45
28,44,Research & Development,Research Director,Female,Married,Technical Degree,1,Travel_Rarely,0,0,6,0,12511,16,3,2,1,2,1,3,Yes,6,7,11,16,Yes,36-45
29,59,Sales,Sales Executive,Female,Divorced,Marketing,1,Travel_Rarely,4,1,4,0,4396,18,0,4,3,2,1,3,Yes,1,9,16,2,Yes,55+
30,45,Human Resources,Manager,Male,Married,Life Sciences,1,Travel_Rarely,5,2,11,3,11594,19,0,3,2,4,4,3,Yes,3,8,12,18,No,36-45
31,33,Sales,Sales Executive,Male,Married,Marketing,5,Non-Travel,5,1,12,1,6438,22,0,2,4,4,3,4,No,1,9,18,27,No,26-35
32,32,Research & Development,Research Director,Female,Single,Technical Degree,1,Travel_Frequently,3,0,2,1,10945,24,1,4,4,3,2,3,Yes,4,0,4,21,No,26-35
33,20,Sales,Manager,Female,Married,Technical Degree,2,Travel_Rarely,2,0,11,1,11307,17,2,3,4,1,4,3,No,6,1,16,25,Yes,18-25
34,54,Research & Development,Research Scientist,Female,Married,Medical,5,Travel_Rarely,6,3,11,1,5000,14,3,3,2,3,1,3,No,2,5,12,23,No,46-55
35,24,Human Resources,Human Resources,Male,Married,Life Sciences,5,Travel_Rarely,11,8,7,2,3607,24,3,4,3,3,2,3,No,0,9,23,18,Yes,18-25
36,38,Research & Development,Manufacturing Director,Male,Married,Technical Degree,5,Travel_Rarely,7,3,9,5,10541,14,2,2,3,1,4,4,No,4,6,7,5,No,36-45
37,26,Research & Development,Manufacturing Director,Male,Married,Marketing,3,Travel_Rarely,16,14,3,10,8791,16,1,2,3,4,2,4,No,5,1,17,5,No,26-35
38,56,Sales,Sales Executive,Female,Married,Other,3,Travel_Rarely,7,4,8,3,4737,24,0,3,3,3,4,3,No,4,7,20,8,No,55+
39,35,Research & Development,Manufacturing Director,Male,Married,Life Sciences,3,Non-Travel,8,7,4,6,9705,21,2,1,4,3,1,3,No,3,9,15,9,Yes,26-35
40,21,Sales,Sales Representative,Male,Single,Life Sciences,4,Travel_Rarely,1,0,13,0,4672,14,3,2,2,4,4,3,No,6,8,11,24,Yes,18-25
41,42,Human Resources,Manager,Female,Divorced,Life Sciences,2,Travel_Rarely,3,2,5,1,10614,21,1,2,1,2,2,3,No,0,7,12,14,No,36-45
42,31,Sales,Sales Representative,Male,Single,Technical Degree,5,Non-Travel,3,2,4,2,3529,17,3,4,2,1,3,4,No,1,8,17,13,No,26-35
43,26,Research & Development,Manufacturing Director,Female,Single,Life Sciences,5,Travel_Rarely,1,0,9,0,8719,18,0,1,3,1,1,3,No,0,5,13,18,Yes,26-35
44,43,Research & Development,Healthcare Representative,Male,Married,Life Sciences,3,Travel_Rarely,4,3,11,1,6507,18,2,1,3,2,1,3,No,2,6,16,4,No,36-45
45,19,Sales,Manager,Male,Married,Other,5,Travel_Rarely,2,0,10,1,7564,24,0,3,2,1,2,3,No,0,5,5,18,Yes,18-25
46,37,Sales,Sales Executive,Male,Married,Life Sciences,5,Travel_Rarely,6,3,6,5,4651,18,1,4,2,2,4,3,No,4,6,19,22,No,36-45
47,45,Sales,Sales Representative,Female,Single,Technical Degree,1,Travel_Rarely,3,2,6,0,3771,12,2,4,4,3,4,4,Yes,4,2,5,20,No,36-45
48,24,Research & Development,Research Director,Male,Married,Life Sciences,5,Travel_Frequently,3,1,0,0,11044,24,0,2,3,1,4,3,No,1,3,16,15,No,18-25
49,25,Research & Development,Manufacturing Director,Male,Married,Technical Degree,4,Non-Travel,24,21,1,18,8027,20,0,3,2,1,1,3,No,1,8,25,7,No,18-25
50,52,Sales,Sales Executive,Female,Divorced,Medical,3,Non-Travel,2,1,6,0,4895,12,0,2,3,3,1,3,No,1,2,12,13,Yes,46-55
51,31,Research & Development,Research Scientist,Male,Divorced,Human Resources,2,Travel_Rarely,2,1,7,0,4536,12,1,1,2,4,2,3,No,5,1,7,2,Yes,26-35
52,34,Sales,Sales Representative,Male,Married,Human Resources,2,Non-Travel,2,1,3,1,2868,12,0,4,3,4,4,4,Yes,6,6,5,9,Yes,26-35
53,53,Research & Development,Laboratory Technician,Male,Married,Life Sciences,1,Non-Travel,13,5,5,6,3095,14,3,3,2,3,4,4,No,2,5,15,5,No,46-55
54,57,Sales,Sales Executive,Male,Married,Life Sciences,2,Travel_Rarely,4,2,10,2,5591,15,2,2,3,1,2,4,No,5,2,6,1,Yes,55+
55,21,Sales,Sales Executive,Female,Single,Life Sciences,2,Travel_Rarely,5,3,11,1,5669,14,2,2,1,1,1,3,Yes,5,5,14,28,Yes,18-25
56,19,Sales,Manager,Male,Married,Medical,3,Travel_Frequently,1,0,9,0,9867,25,0,1,4,1,1,3,No,5,6,3,27,Yes,18-25
57,23,Research & Development,Research Scientist,Male,Married,Human Resources,3,Travel_Rarely,4,2,2,2,5752,15,1,4,1,2,3,3,Yes,0,5,15,19,No,18-25
58,59,Research & Development,Laboratory Technician,Male,Divorced,Medical,4,Travel_Rarely,1,0,6,0,3044,14,3,1,4,4,3,3,Yes,3,0,8,20,Yes,55+
59,21,Research & Development,Healthcare Representative,Female,Single,Medical,1,Travel_Frequently,7,3,10,3,5410,17,3,2,4,1,4,3,Yes,6,0,15,19,Yes,18-25
60,46,Sales,Sales Executive,Male,Married,Life Sciences,2,Travel_Rarely,10,8,2,6,4416,20,2,4,2,4,1,3,No,0,8,18,22,No,46-55
61,35,Research & Development,Manufacturing Director,Male,Married,Technical Degree,4,Travel_Rarely,7,5,10,5,6953,11,2,4,1,4,4,3,No,1,5,11,29,No,26-35
62,43,Research & Development,Healthcare Representative,Male,Married,Other,1,Travel_Rarely,7,3,6,5,5095,24,3,1,4,1,1,3,Yes,2,1,7,13,Yes,36-45
63,51,Sales,Sales Executive,Male,Single,Life Sciences,2,Travel_Rarely,4,1,11,1,6986,23,2,4,3,3,3,3,No,5,0,13,6,No,46-55
64,27,Research & Development,Research Scientist,Male,Divorced,Medical,2,Travel_Rarely,7,6,10,5,5477,11,0,1,2,3,2,3,Yes,0,1,11,10,No,26-35
65,53,Human Resources,Manager,Male,Married,Life Sciences,3,Travel_Rarely,3,2,11,2,12256,12,3,4,2,4,1,4,No,6,7,3,29,No,46-55
66,31,Sales,Manager,Female,Married,Medical,5,Travel_Rarely,6,2,10,4,9318,23,2,4,3,2,3,3,Yes,4,4,14,11,No,26-35
67,48,Research & Development,Research Scientist,Male,Single,Medical,1,Travel_Rarely,1,0,7,0,5848,11,0,3,3,4,3,3,Yes,6,6,13,23,Yes,46-55
68,32,Research & Development,Research Director,Female,Married,Life Sciences,2,Non-Travel,0,0,2,0,12143,22,0,4,4,4,1,4,Yes,5,6,9,25,No,26-35
69,25,Research & Development,Research Scientist,Female,Married,Medical,1,Travel_Rarely,3,2,1,2,4709,25,3,2,3,3,4,3,No,6,1,15,16,Yes,18-25
70,31,Sales,Sales Representative,Male,Single,Life Sciences,4,Travel_Rarely,3,1,11,0,3182,20,0,3,2,1,1,3,No,0,3,17,26,No,26-35
71,40,Sales,Sales Executive,Male,Single,Medical,4,Travel_Rarely,1,0,5,0,6921,22,3,1,3,1,3,3,No,4,1,8,25,No,36-45
72,57,Research & Development,Healthcare Representative,Male,Divorced,Medical,5,Non-Travel,7,4,3,4,5738,22,0,2,1,2,1,3,Yes,0,6,13,23,Yes,55+
73,38,Human Resources,Manager,Female,Single,Life Sciences,2,Travel_Rarely,0,0,7,0,7439,20,3,1,2,3,2,3,No,0,4,1,27,Yes,36-45
74,33,Research & Development,Manufacturing Director,Male,Single,Marketing,3,Travel_Rarely,1,0,12,0,6627,23,3,1,3,3,4,4,No,5,0,2,1,Yes,26-35
75,35,Research & Development,Manufacturing Director,Male,Married,Marketing,2,Travel_Rarely,8,4,14,5,10754,24,3,2,2,4,1,3,Yes,0,1,21,19,No,26-35
76,41,Research & Development,Research Director,Male,Married,Life Sciences,1,Non-Travel,3,1,13,1,12578,21,3,1,4,3,3,3,Yes,1,5,6,5,No,36-45
77,43,Research & Development,Healthcare Representative,Female,Single,Life Sciences,4,Travel_Rarely,7,6,1,5,5590,13,0,3,1,4,3,3,Yes,6,3,15,26,No,36-45
78,42,Research & Development,Laboratory Technician,Female,Married,Marketing,1,Travel_Frequently,5,4,3,3,2873,16,3,2,4,2,4,3,No,4,6,18,28,No,36-45
79,58,Sales,Sales Executive,Male,Single,Other,5,Travel_Rarely,18,14,1,6,6490,20,2,1,1,3,1,3,No,2,1,26,27,Yes,55+
80,46,Research & Development,Healthcare Representative,Female,Single,Life Sciences,4,Travel_Rarely,5,3,13,1,5172,21,0,1,3,3,3,3,No,3,1,18,6,No,46-55
81,32,Research & Development,Manager,Male,Single,Life Sciences,3,Travel_Rarely,0,0,1,0,9462,16,3,4,2,4,4,3,Yes,6,5,7,6,No,26-35
82,18,Research & Development,Research Director,Male,Divorced,Life Sciences,4,Travel_Rarely,2,1,1,0,11490,11,0,4,3,3,2,3,No,5,7,12,5,Yes,18-25
83,42,Sales,Sales Executive,Female,Single,Medical,2,Non-Travel,0,0,0,0,5060,16,0,1,4,1,4,3,No,4,0,14,6,No,36-45
84,24,Sales,Manager,Male,Single,Life Sciences,2,Travel_Rarely,15,12,3,10,10594,15,0,2,2,2,1,3,Yes,1,4,19,25,Yes,18-25
85,26,Sales,Manager,Male,Married,Life Sciences,4,Travel_Rarely,0,0,1,0,11980,17,0,3,3,1,1,3,No,4,0,13,13,Yes,26-35
86,41,Research & Development,Laboratory Technician,Male,Divorced,Marketing,5,Travel_Rarely,2,1,8,1,4090,16,3,1,3,4,3,3,No,2,5,8,1,No,36-45
87,18,Human Resources,Manager,Female,Single,Medical,2,Travel_Rarely,1,0,8,0,9260,22,0,1,2,4,2,3,Yes,5,6,12,1,Yes,18-25
88,25,Sales,Sales Representative,Female,Married,Life Sciences,2,Travel_Rarely,11,9,10,6,3404,22,2,1,2,4,1,3,No,4,5,19,25,No,18-25
89,41,Research & Development,Manufacturing Director,Female,Single,Medical,3,Travel_Rarely,2,1,10,1,7770,17,0,4,4,2,3,4,No,6,8,4,14,No,36-45
90,28,Research & Development,Research Director,Female,Married,Medical,4,Travel_Rarely,28,19,6,6,9586,12,0,2,1,3,4,4,No,1,2,31,8,No,26-35
91,34,Research & Development,Research Scientist,Male,Married,Life Sciences,2,Travel_Rarely,0,0,5,0,6028,22,2,1,1,1,4,3,No,5,7,1,9,Yes,26-35
92,25,Sales,Manager,Male,Married,Life Sciences,5,Travel_Rarely,0,0,11,0,9449,11,3,4,2,3,1,3,Yes,1,2,8,23,Yes,18-25
93,52,Research & Development,Research Scientist,Male,Married,Human Resources,1,Travel_Rarely,1,0,2,0,4838,24,2,1,1,4,2,3,No,5,6,7,10,Yes,46-55
94,52,Research & Development,Healthcare Representative,Male,Single,Life Sciences,4,Travel_Rarely,9,7,13,5,4669,17,1,1,4,3,3,3,No,3,4,14,6,No,46-55
95,50,Sales,Sales Representative,Male,Single,Marketing,3,Travel_Rarely,12,8,11,7,3520,19,2,2,1,2,1,3,No,2,0,16,9,No,46-55
96,22,Sales,Sales Executive,Female,Married,Human Resources,2,Travel_Rarely,0,0,13,0,5686,12,3,4,2,4,3,3,No,3,3,11,18,No,18-25
97,59,Research & Development,Healthcare Representative,Male,Single,Life Sciences,5,Travel_Rarely,0,0,14,0,6009,22,2,3,4,3,4,3,No,6,8,6,15,Yes,55+
98,56,Human Resources,Manager,Male,Married,Life Sciences,4,Travel_Rarely,8,4,6,4,9825,17,0,2,2,1,3,3,Yes,6,7,10,4,Yes,55+
99,58,Sales,Manager,Male,Divorced,Medical,5,Travel_Rarely,0,0,0,0,11189,13,3,3,4,4,4,3,Yes,6,2,4,2,Yes,55+
100,45,Research & Development,Laboratory Technician,Male,Divorced,Human Resources,5,Non-Travel,0,0,8,0,3975,16,1,4,4,4,2,3,Yes,0,1,1,6,No,36-45
101,24,Human Resources,Manager,Female,Divorced,Other,3,Non-Travel,0,0,3,0,9509,13,3,4,2,2,2,3,Yes,6,8,4,17,Yes,18-25
102,26,Research & Development,Research Scientist,Male,Married,Marketing,4,Travel_Rarely,0,0,5,0,4810,23,0,3,3,2,4,3,Yes,1,0,6,7,Yes,26-35
103,25,Human Resources,Human Resources,Male,Married,Life Sciences,2,Travel_Rarely,1,0,5,0,4472,20,1,4,2,1,1,3,No,3,8,15,23,Yes,18-25
104,29,Research & Development,Manager,Female,Single,Medical,3,Non-Travel,0,0,10,0,9259,23,3,2,4,3,4,4,No,1,6,10,23,No,26-35
105,51,Research & Development,Manufacturing Director,Male,Married,Medical,2,Travel_Rarely,2,0,2,1,7062,21,3,1,2,3,3,3,No,5,1,11,20,No,46-55
106,50,Research & Development,Manager,Male,Married,Medical,1,Non-Travel,10,5,3,4,12501,21,0,3,2,4,3,4,No,1,4,20,15,No,46-55
107,40,Research & Development,Manager,Male,Married,Life Sciences,5,Travel_Rarely,2,1,12,1,9196,21,2,1,4,4,3,3,No,0,1,8,24,No,36-45
108,41,Research & Development,Research Scientist,Male,Married,Life Sciences,1,Travel_Rarely,7,4,10,3,6465,15,2,3,1,3,1,3,Yes,1,4,15,21,Yes,36-45
109,54,Research & Development,Research Director,Female,Single,Technical Degree,5,Non-Travel,0,0,9,0,10393,25,1,1,4,3,2,3,No,5,6,2,2,Yes,46-55
110,52,Sales,Sales Executive,Female,Single,Medical,3,Travel_Rarely,6,4,2,1,4428,12,0,1,2,3,2,3,No,5,4,13,21,No,46-55
111,57,Research & Development,Healthcare Representative,Male,Divorced,Life Sciences,2,Non-Travel,2,1,12,0,4333,18,0,2,4,4,3,3,Yes,3,1,6,12,No,55+
112,39,Research & Development,Healthcare Representative,Female,Single,Life Sciences,2,Travel_Rarely,8,5,5,4,6112,24,2,1,4,2,1,3,No,6,4,14,10,Yes,36-45
113,44,Research & Development,Laboratory Technician,Male,Married,Technical Degree,3,Travel_Rarely,0,0,0,0,3034,18,2,3,1,2,3,3,Yes,2,9,0,25,Yes,36-45
114,52,Research & Development,Research Scientist,Male,Divorced,Marketing,4,Non-Travel,13,7,7,6,5204,17,1,1,3,1,2,3,Yes,4,5,13,26,No,46-55
115,18,Research & Development,Research Director,Male,Married,Life Sciences,1,Travel_Rarely,1,0,7,0,13054,16,2,4,2,3,4,3,Yes,3,4,4,17,No,18-25
116,52,Sales,Sales Representative,Male,Married,Life Sciences,1,Travel_Rarely,2,1,8,1,3769,11,1,1,2,3,3,4,No,0,1,6,27,No,46-55
117,54,Sales,Manager,Male,Single,Life Sciences,2,Non-Travel,17,12,5,6,7358,18,3,1,1,3,3,3,No,4,5,29,18,No,46-55
118,31,Sales,Sales Representative,Female,Married,Human Resources,2,Travel_Rarely,5,4,0,3,3513,11,1,4,4,1,3,3,No,1,5,14,16,No,26-35
119,20,Sales,Sales Executive,Female,Divorced,Medical,2,Travel_Rarely,2,0,2,1,5753,18,1,4,3,3,2,3,No,3,1,4,10,No,18-25
120,18,Research & Development,Research Director,Male,Married,Medical,3,Travel_Rarely,17,15,14,6,9472,21,1,3,2,2,1,3,No,4,3,22,8,No,18-25
121,22,Research & Development,Manager,Male,Married,Medical,4,Travel_Rarely,2,0,0,1,7345,12,3,4,3,3,4,3,No,6,6,4,29,No,18-25
122,43,Sales,Sales Representative,Male,Single,Life Sciences,1,Travel_Rarely,0,0,14,0,3733,18,2,4,3,1,4,3,No,6,0,4,21,No,36-45
123,31,Research & Development,Research Scientist,Male,Single,Technical Degree,5,Travel_Rarely,34,11,12,30,4749,20,1,3,4,4,4,3,Yes,3,0,40,28,Yes,26-35
124,56,Sales,Sales Executive,Male,Divorced,Medical,3,Travel_Rarely,1,0,14,0,5857,22,2,3,4,4,3,3,No,6,5,13,25,Yes,55+
125,44,Human Resources,Manager,Male,Married,Life Sciences,1,Travel_Rarely,11,9,4,3,10545,14,1,1,4,2,2,3,Yes,1,6,25,22,No,36-45
126,26,Human Resources,Human Resources,Female,Married,Life Sciences,4,Travel_Rarely,1,0,2,0,3290,17,2,2,2,2,4,4,Yes,5,4,1,13,Yes,26-35
127,32,Sales,Manager,Male,Single,Medical,3,Travel_Rarely,7,6,13,4,8769,15,1,3,3,2,3,3,No,3,9,9,16,No,26-35
128,32,Research & Development,Healthcare Representative,Male,Married,Human Resources,1,Travel_Frequently,4,2,1,1,5450,18,2,4,3,4,1,3,No,0,7,10,8,No,26-35
129,43,Sales,Sales Executive,Male,Divorced,Life Sciences,3,Travel_Rarely,23,21,2,18,5650,22,0,1,2,3,3,3,No,4,3,25,12,Yes,36-45
130,59,Research & Development,Research Scientist,Male,Married,Technical Degree,1,Travel_Rarely,4,3,8,2,5377,25,3,4,1,1,4,3,No,4,2,8,17,No,55+
131,30,Research & Development,Manager,Male,Single,Marketing,1,Travel_Rarely,0,0,10,0,8753,16,1,3,4,1,4,3,No,4,6,6,16,Yes,26-35
132,49,Sales,Sales Representative,Female,Married,Life Sciences,4,Travel_Rarely,5,2,7,3,4864,24,3,2,2,3,1,3,No,3,3,17,9,No,46-55
133,56,Research & Development,Laboratory Technician,Male,Married,Life Sciences,5,Travel_Rarely,0,0,12,0,2640,25,1,1,4,4,2,3,No,1,0,1,25,Yes,55+
134,49,Sales,Sales Executive,Female,Married,Life Sciences,4,Non-Travel,9,8,2,2,6967,15,0,3,3,4,1,4,No,3,7,11,19,No,46-55
135,21,Sales,Manager,Male,Divorced,Marketing,1,Travel_Rarely,11,10,10,9,7457,11,0,3,2,1,1,3,No,3,4,14,17,No,18-25
136,47,Research & Development,Healthcare Representative,Male,Married,Life Sciences,3,Travel_Rarely,3,2,1,1,5059,13,3,4,1,2,4,4,No,6,7,7,24,No,46-55
137,54,Research & Development,Laboratory Technician,Male,Divorced,Life Sciences,4,Travel_Rarely,9,8,4,2,3507,20,1,2,4,2,4,3,No,5,7,20,8,No,46-55
138,40,Research & Development,Manager,Female,Married,Medical,5,Travel_Frequently,0,0,11,0,7973,19,2,3,3,1,2,3,No,4,4,8,12,No,36-45
139,56,Research & Development,Healthcare Representative,Male,Single,Marketing,1,Travel_Rarely,4,3,11,3,4580,25,1,4,3,1,4,3,No,1,7,12,9,No,55+
140,32,Human Resources,Human Resources,Female,Single,Life Sciences,4,Travel_Rarely,3,2,12,2,3815,24,2,1,1,3,1,3,No,2,6,6,6,No,26-35
141,60,Sales,Sales Representative,Male,Single,Life Sciences,4,Travel_Rarely,5,2,11,3,4844,19,3,4,1,3,1,3,Yes,1,2,18,25,No,55+
142,46,Research & Development,Laboratory Technician,Female,Divorced,Medical,4,Travel_Rarely,0,0,0,0,3289,15,3,1,4,3,2,3,No,6,3,8,28,Yes,46-55
143,53,Research & Development,Manager,Male,Married,Medical,4,Travel_Rarely,8,5,3,6,10256,13,0,4,3,3,4,3,No,3,6,11,10,No,46-55
144,30,Research & Development,Research Scientist,Female,Married,Technical Degree,3,Non-Travel,0,0,7,0,6724,16,2,2,1,3,4,3,No,0,3,1,9,No,26-35
145,49,Human Resources,Manager,Male,Single,Life Sciences,5,Travel_Rarely,6,3,0,4,11207,15,1,4,2,3,1,3,No,1,5,15,28,No,46-55
146,24,Research & Development,Manager,Female,Single,Technical Degree,5,Travel_Frequently,0,0,4,0,10915,25,0,2,1,2,1,3,Yes,4,1,0,29,No,18-25
147,39,Research & Development,Laboratory Technician,Male,Married,Marketing,1,Travel_Rarely,10,3,11,2,3206,11,3,2,2,1,4,3,No,0,1,16,4,Yes,36-45
148,45,Research & Development,Manufacturing Director,Male,Married,Medical,2,Travel_Rarely,1,0,3,0,6936,12,0,1,3,4,3,3,Yes,2,2,4,11,No,36-45
149,19,Human Resources,Human Resources,Male,Single,Marketing,3,Travel_Frequently,4,2,5,2,3876,22,1,4,4,3,1,4,No,2,9,15,21,No,18-25
150,59,Human Resources,Human Resources,Female,Married,Medical,1,Travel_Rarely,1,0,6,0,3704,15,1,4,3,2,1,3,No,0,6,8,22,No,55+
151,23,Research & Development,Manager,Male,Single,Life Sciences,1,Travel_Rarely,7,2,8,1,7935,24,3,4,3,1,1,3,No,6,2,14,6,No,18-25
152,45,Research & Development,Research Scientist,Female,Married,Medical,4,Travel_Rarely,2,1,0,1,4480,19,0,2,3,1,2,3,No,2,2,13,26,No,36-45
153,45,Sales,Sales Representative,Male,Married,Medical,2,Travel_Rarely,7,2,10,2,4765,22,2,3,3,1,4,4,No,0,3,14,18,No,36-45
154,37,Sales,Sales Executive,Male,Single,Medical,2,Travel_Frequently,2,1,9,0,6763,14,2,4,4,3,4,3,No,3,9,7,4,No,36-45
155,47,Research & Development,Manufacturing Director,Male,Divorced,Life Sciences,3,Travel_Rarely,8,4,3,6,6642,19,2,4,1,3,4,3,Yes,0,5,16,12,No,46-55
156,28,Sales,Sales Executive,Female,Single,Human Resources,2,Travel_Rarely,0,0,5,0,4519,13,1,3,4,4,1,3,No,3,0,13,9,No,26-35
157,45,Research & Development,Research Director,Female,Single,Medical,1,Travel_Rarely,1,0,9,0,8395,11,0,1,4,3,4,3,Yes,6,5,4,15,Yes,36-45
158,42,Sales,Sales Representative,Female,Single,Life Sciences,2,Travel_Rarely,4,1,6,0,3390,16,2,4,4,1,4,3,Yes,4,7,8,23,Yes,36-45
159,56,Research & Development,Research Director,Male,Married,Medical,2,Travel_Rarely,0,0,6,0,8763,25,0,3,4,1,4,4,No,4,7,3,9,No,55+
160,50,Research & Development,Laboratory Technician,Female,Married,Marketing,5,Travel_Rarely,1,0,7,0,4376,20,3,4,1,2,2,3,No,2,5,5,6,No,46-55
161,18,Human Resources,Manager,Female,Married,Technical Degree,1,Travel_Frequently,16,7,13,13,7654,24,2,2,3,2,2,4,No,5,5,17,11,Yes,18-25
162,44,Sales,Sales Executive,Male,Single,Medical,2,Travel_Rarely,22,9,9,15,4635,17,0,3,1,4,1,3,Yes,5,2,26,7,Yes,36-45
163,30,Research & Development,Research Director,Female,Single,Human Resources,2,Travel_Rarely,8,4,7,2,8060,14,1,2,1,2,4,4,Yes,0,1,17,25,No,26-35
164,58,Research & Development,Research Director,Female,Married,Life Sciences,4,Travel_Rarely,1,0,7,0,13188,20,3,3,3,4,1,4,No,6,6,8,14,Yes,55+
165,20,Sales,Manager,Female,Divorced,Medical,2,Travel_Rarely,1,0,7,0,12159,15,3,1,1,2,1,3,No,3,7,9,28,No,18-25
166,56,Research & Development,Research Scientist,Female,Divorced,Human Resources,2,Travel_Rarely,6,4,11,2,6764,14,3,2,4,1,1,3,No,4,9,12,16,No,55+
167,23,Research & Development,Research Director,Male,Single,Human Resources,5,Non-Travel,0,0,14,0,10028,13,3,4,4,3,1,3,Yes,6,5,6,15,No,18-25
168,25,Research & Development,Laboratory Technician,Male,Married,Marketing,1,Travel_Rarely,17,11,7,6,2925,11,1,3,3,3,1,3,Yes,4,4,30,20,Yes,18-25
169,44,Human Resources,Manager,Female,Divorced,Technical Degree,3,Non-Travel,1,0,5,0,8396,23,1,4,3,4,1,3,Yes,4,3,6,9,No,36-45
170,26,Sales,Manager,Male,Married,Life Sciences,1,Non-Travel,40,13,8,16,9592,16,2,1,3,3,2,3,No,2,0,40,19,No,26-35
171,54,Research & Development,Manager,Female,Divorced,Technical Degree,4,Travel_Rarely,4,3,2,2,11348,20,1,3,4,3,3,3,Yes,4,8,13,12,No,46-55
172,50,Research & Development,Healthcare Representative,Female,Single,Life Sciences,1,Travel_Rarely,8,2,5,6,4985,15,1,1,3,2,2,3,No,5,9,19,11,Yes,46-55
173,59,Sales,Sales Representative,Female,Divorced,Life Sciences,2,Travel_Rarely,0,0,4,0,3452,21,3,3,1,1,1,4,Yes,1,3,10,28,Yes,55+
174,41,Research & Development,Manufacturing Director,Female,Married,Life Sciences,4,Non-Travel,13,5,14,9,9279,11,1,2,1,3,3,3,No,2,1,22,8,No,36-45
175,32,Human Resources,Human Resources,Male,Divorced,Medical,1,Non-Travel,1,0,14,0,3770,15,3,4,2,1,3,3,Yes,0,3,13,3,No,26-35
176,49,Sales,Sales Representative,Male,Married,Life Sciences,4,Travel_Rarely,6,3,7,2,4026,16,0,2,2,2,4,3,No,1,4,14,19,Yes,46-55
177,49,Research & Development,Research Scientist,Male,Married,Life Sciences,3,Travel_Rarely,9,3,3,1,5677,20,0,2,3,2,1,3,Yes,2,1,22,3,No,46-55
178,41,Research & Development,Laboratory Technician,Male,Divorced,Life Sciences,1,Travel_Rarely,1,0,3,0,2625,15,0,2,2,3,1,3,No,6,6,5,25,No,36-45
179,58,Research & Development,Healthcare Representative,Male,Single,Life Sciences,2,Travel_Rarely,3,0,12,1,5416,11,0,2,4,3,2,3,No,2,2,8,26,No,55+
180,29,Research & Development,Manager,Male,Married,Medical,4,Travel_Rarely,4,3,14,2,12165,24,0,3,4,2,3,3,Yes,3,7,4,3,No,26-35
181,56,Sales,Manager,Female,Married,Medical,5,Travel_Rarely,2,1,9,1,8782,15,0,4,1,2,3,3,No,1,3,6,6,No,55+
182,19,Human Resources,Manager,Female,Married,Life Sciences,4,Travel_Rarely,3,1,10,2,8943,20,0,3,1,4,1,3,No,1,4,8,11,No,18-25
183,20,Human Resources,Manager,Male,Divorced,Marketing,5,Travel_Rarely,2,1,9,0,7556,11,3,3,2,4,4,3,No,5,2,11,20,Yes,18-25
184,54,Research & Development,Healthcare Representative,Male,Single,Human Resources,2,Travel_Frequently,2,0,12,1,6078,21,3,3,2,1,1,3,No,1,4,12,14,Yes,46-55
185,34,Research & Development,Research Scientist,Female,Divorced,Marketing,3,Travel_Rarely,6,4,4,2,7202,13,3,2,4,2,3,3,No,4,8,7,2,Yes,26-35
186,19,Research & Development,Research Scientist,Male,Married,Life Sciences,5,Travel_Rarely,6,3,10,4,5564,22,3,1,1,1,4,3,Yes,5,1,12,12,Yes,18-25
187,19,Research & Development,Laboratory Technician,Male,Single,Marketing,3,Travel_Rarely,1,0,12,0,3021,23,1,2,2,2,4,3,Yes,6,6,14,16,Yes,18-25
188,45,Research & Development,Research Director,Male,Married,Life Sciences,4,Travel_Frequently,13,12,12,3,13052,12,1,3,4,1,3,4,No,4,9,16,28,Yes,36-45
189,40,Research & Development,Research Scientist,Male,Single,Life Sciences,2,Travel_Rarely,11,5,14,5,6858,23,2,2,1,4,1,3,No,5,7,15,3,Yes,36-45
190,54,Research & Development,Manager,Male,Single,Life Sciences,5,Travel_Rarely,4,3,5,3,10262,11,1,4,4,2,1,3,Yes,0,2,6,21,No,46-55
191,49,Research & Development,Research Director,Female,Divorced,Technical Degree,4,Travel_Rarely,3,2,14,1,9341,14,3,4,4,2,1,3,No,6,3,7,16,No,46-55
192,50,Research & Development,Manufacturing Director,Male,Married,Life Sciences,1,Travel_Rarely,2,0,10,0,7459,12,3,2,1,1,2,3,Yes,5,9,13,10,Yes,46-55
193,18,Sales,Sales Executive,Male,Married,Life Sciences,4,Travel_Frequently,7,4,3,5,6147,15,0,2,4,1,2,3,No,0,1,10,20,No,18-25
194,36,Sales,Sales Executive,Male,Divorced,Life Sciences,3,Travel_Rarely,6,4,1,5,5565,20,0,1,2,3,4,3,No,5,9,17,5,No,36-45
195,19,Research & Development,Research Director,Male,Married,Technical Degree,2,Non-Travel,1,0,11,0,10567,11,2,2,4,3,1,3,No,0,8,14,13,Yes,18-25
196,43,Research & Development,Manufacturing Director,Female,Divorced,Medical,2,Travel_Frequently,6,2,11,4,6753,22,1,2,2,4,2,3,Yes,4,2,15,12,Yes,36-45
197,49,Research & Development,Research Scientist,Female,Married,Life Sciences,4,Travel_Rarely,1,0,13,0,6090,20,3,1,3,2,4,3,No,6,8,6,27,Yes,46-55
198,23,Research & Development,Manufacturing Director,Female,Divorced,Medical,1,Non-Travel,0,0,1,0,10349,11,1,2,3,2,3,4,No,6,6,1,1,No,18-25
199,49,Research & Development,Research Scientist,Male,Single,Medical,3,Travel_Frequently,7,5,11,3,7524,21,2,2,3,1,3,3,No,5,5,9,20,No,46-55
200,21,Research & Development,Research Scientist,Female,Divorced,Medical,4,Travel_Rarely,6,4,2,2,4752,20,0,2,4,4,1,3,Yes,3,2,17,11,No,18-25
201,28,Research & Development,Healthcare Representative,Female,Single,Life Sciences,4,Travel_Rarely,3,1,1,1,6129,14,3,2,3,2,3,3,No,5,6,17,26,No,26-35
202,34,Research & Development,Manager,Female,Married,Technical Degree,2,Travel_Frequently,4,3,0,2,10269,17,0,2,3,4,3,4,No,0,2,13,19,Yes,26-35
203,55,Research & Development,Manufacturing Director,Male,Married,Life Sciences,3,Travel_Rarely,17,16,13,8,10673,24,3,3,4,3,3,3,No,6,5,17,29,Yes,46-55
204,41,Research & Development,Research Director,Male,Married,Marketing,1,Non-Travel,5,1,7,3,11882,24,0,2,1,1,4,3,No,2,7,11,15,No,36-45
205,22,Research & Development,Manufacturing Director,Male,Married,Life Sciences,2,Travel_Rarely,6,2,11,4,11033,12,0,1,4,2,3,3,No,4,4,14,18,No,18-25
206,51,Sales,Sales Executive,Female,Married,Life Sciences,4,Travel_Rarely,0,0,4,0,6880,12,2,2,2,1,3,3,Yes,3,2,1,16,Yes,46-55
207,23,Sales,Sales Executive,Male,Married,Life Sciences,2,Non-Travel,1,0,9,0,4677,11,1,3,4,3,4,3,No,2,5,7,7,No,18-25
208,39,Sales,Sales Executive,Male,Single,Medical,2,Travel_Rarely,2,1,0,1,6176,15,0,1,1,4,2,3,No,2,7,16,10,Yes,36-45
209,28,Research & Development,Laboratory Technician,Female,Single,Life Sciences,5,Travel_Rarely,4,3,12,2,3578,16,3,1,3,4,4,3,No,4,9,6,25,Yes,26-35
210,33,Research & Development,Laboratory Technician,Female,Single,Technical Degree,2,Travel_Rarely,8,6,8,5,2972,23,1,2,4,3,2,3,No,5,2,12,16,Yes,26-35
211,50,Research & Development,Research Director,Female,Married,Life Sciences,2,Travel_Rarely,2,0,7,1,8710,16,1,4,3,3,4,3,Yes,1,4,7,17,Yes,46-55
212,26,Research & Development,Healthcare Representative,Male,Single,Medical,3,Travel_Rarely,2,1,3,0,4412,12,0,3,2,2,1,3,No,3,8,9,28,Yes,26-35
213,23,Sales,Manager,Female,Married,Technical Degree,2,Travel_Rarely,1,0,7,0,11495,22,0,4,1,2,3,3,No,5,9,4,7,Yes,18-25
214,33,Research & Development,Research Director,Male,Married,Medical,1,Travel_Rarely,1,0,12,0,9449,22,0,2,3,2,2,3,No,4,9,2,11,Yes,26-35
215,46,Sales,Manager,Male,Single,Marketing,4,Travel_Rarely,17,7,11,14,11827,17,1,3,3,2,4,3,No,1,2,19,28,No,46-55
216,20,Research & Development,Research Director,Male,Married,Medical,3,Travel_Rarely,6,4,12,3,11067,16,2,4,3,2,2,3,No,4,1,13,17,No,18-25
217,37,Sales,Sales Representative,Male,Divorced,Life Sciences,2,Travel_Rarely,1,0,9,0,4214,18,0,3,3,4,2,4,No,4,7,7,5,No,36-45
218,53,Research & Development,Research Director,Male,Single,Technical Degree,1,Travel_Rarely,7,3,6,3,9262,16,1,2,4,2,3,3,No,2,6,12,1,No,46-55
219,36,Sales,Sales Representative,Female,Married,Life Sciences,4,Travel_Rarely,7,3,10,5,3760,19,1,3,1,3,2,3,No,6,8,11,3,No,36-45
220,43,Human Resources,Manager,Male,Married,Medical,3,Travel_Rarely,6,5,14,2,9426,20,3,2,1,3,4,3,No,5,3,16,16,Yes,36-45
221,20,Research & Development,Research Scientist,Female,Married,Marketing,1,Travel_Rarely,0,0,10,0,5177,12,0,4,3,2,1,3,No,4,2,4,24,No,18-25
222,36,Research & Development,Healthcare Representative,Male,Married,Life Sciences,2,Travel_Rarely,3,2,6,2,6757,17,2,3,1,3,1,4,Yes,5,9,3,29,No,36-45
223,37,Research & Development,Research Director,Male,Married,Life Sciences,5,Travel_Rarely,0,0,0,0,11145,15,3,1,3,1,3,3,No,1,4,13,15,No,36-45
224,49,Research & Development,Laboratory Technician,Male,Married,Medical,5,Travel_Rarely,10,4,5,3,2631,11,0,2,2,4,4,4,No,2,0,15,4,No,46-55
225,24,Research & Development,Manufacturing Director,Male,Single,Technical Degree,3,Travel_Rarely,6,5,12,3,10335,13,3,3,2,4,4,3,No,1,4,18,12,No,18-25
226,58,Research & Development,Research Director,Male,Married,Human Resources,1,Travel_Rarely,4,3,3,3,8204,14,0,1,2,2,1,3,No,1,2,12,1,No,55+
227,50,Research & Development,Manager,Male,Married,Medical,4,Travel_Rarely,2,1,13,1,9379,22,3,1,1,1,4,4,Yes,2,0,9,17,Yes,46-55
228,57,Research & Development,Research Scientist,Male,Single,Medical,1,Non-Travel,1,0,9,0,6285,12,2,1,3,2,2,3,No,5,2,12,24,No,55+
229,56,Research & Development,Research Scientist,Male,Married,Human Resources,5,Travel_Rarely,0,0,9,0,4425,17,3,1,4,2,3,3,Yes,1,4,9,15,No,55+
230,35,Sales,Manager,Male,Divorced,Life Sciences,3,Non-Travel,20,8,9,11,10725,11,3,2,4,3,1,4,Yes,0,4,34,24,No,26-35
231,57,Research & Development,Laboratory Technician,Female,Married,Life Sciences,2,Non-Travel,1,0,10,0,3826,13,3,3,2,4,3,3,No,5,9,1,20,No,55+
232,18,Research & Development,Research Director,Male,Married,Marketing,1,Travel_Rarely,0,0,11,0,11319,22,0,1,2,1,2,3,No,6,7,10,20,No,18-25
233,28,Research & Development,Laboratory Technician,Female,Divorced,Technical Degree,5,Travel_Rarely,19,9,1,5,2873,19,0,3,1,3,1,3,No,6,0,31,10,No,26-35
234,45,Research & Development,Research Scientist,Female,Married,Technical Degree,4,Non-Travel,4,2,9,1,5243,21,2,3,4,4,4,3,Yes,4,6,9,11,No,36-45
235,42,Research & Development,Laboratory Technician,Female,Married,Medical,3,Non-Travel,9,8,6,4,3034,24,3,4,1,4,4,3,No,2,4,11,18,No,36-45
236,40,Human Resources,Human Resources,Female,Divorced,Life Sciences,2,Travel_Rarely,0,0,8,0,5504,12,1,3,2,2,2,4,No,6,2,5,2,No,36-45
237,48,Sales,Sales Representative,Male,Divorced,Medical,1,Travel_Rarely,5,2,12,3,2941,15,3,2,3,1,1,3,Yes,2,3,13,28,No,46-55
238,47,Research & Development,Manufacturing Director,Female,Married,Life Sciences,4,Travel_Rarely,3,1,4,1,8458,14,1,2,3,2,3,3,No,5,2,8,6,No,46-55
239,59,Research & Development,Healthcare Representative,Female,Married,Life Sciences,2,Travel_Rarely,8,6,7,3,6878,22,1,1,3,3,1,4,Yes,0,7,22,16,No,55+
240,52,Research & Development,Manufacturing Director,Male,Married,Marketing,5,Travel_Rarely,0,0,4,0,10093,13,3,3,2,2,4,3,No,0,3,7,24,Yes,46-55
241,24,Research & Development,Manufacturing Director,Male,Divorced,Life Sciences,5,Travel_Rarely,3,2,13,1,10347,15,1,2,1,2,1,3,No,0,2,16,7,Yes,18-25
242,33,Sales,Sales Executive,Male,Married,Technical Degree,4,Travel_Rarely,9,8,6,6,6916,16,1,2,3,4,1,3,No,0,1,23,23,No,26-35
243,43,Research & Development,Healthcare Representative,Female,Single,Medical,5,Non-Travel,4,3,6,1,5368,11,3,2,4,4,4,4,No,3,2,9,19,Yes,36-45
244,19,Research & Development,Research Director,Female,Divorced,Medical,3,Travel_Rarely,4,2,8,1,9365,12,0,1,4,3,4,4,No,2,6,9,12,Yes,18-25
245,18,Research & Development,Research Director,Male,Married,Life Sciences,4,Travel_Rarely,0,0,2,0,7774,11,3,2,2,4,3,3,No,1,5,14,18,No,18-25
246,29,Research & Development,Manufacturing Director,Male,Single,Life Sciences,5,Travel_Rarely,0,0,13,0,7120,13,2,3,4,4,1,4,No,2,9,6,10,Yes,26-35
247,22,Research & Development,Manufacturing Director,Male,Married,Life Sciences,1,Travel_Rarely,6,3,0,4,9097,18,1,2,4,4,4,3,No,6,4,16,7,No,18-25
248,54,Research & Development,Research Scientist,Male,Married,Other,5,Travel_Frequently,6,3,1,4,4920,18,2,2,2,2,2,3,No,2,7,18,4,No,46-55
249,49,Research & Development,Research Scientist,Female,Divorced,Technical Degree,3,Non-Travel,23,21,11,10,6829,14,1,1,1,1,4,4,No,2,0,32,17,No,46-55
250,26,Sales,Manager,Male,Single,Medical,2,Non-Travel,7,6,5,3,7401,16,0,3,3,3,3,3,Yes,0,2,17,17,No,26-35
251,58,Research & Development,Research Director,Male,Divorced,Life Sciences,2,Non-Travel,4,3,13,1,9079,22,1,2,2,2,3,3,Yes,0,1,7,4,Yes,55+
252,52,Sales,Sales Representative,Male,Married,Human Resources,5,Travel_Frequently,11,10,9,3,4260,19,3,3,4,3,2,3,No,3,1,23,21,Yes,46-55
253,36,Research & Development,Manager,Female,Single,Life Sciences,2,Travel_Rarely,0,0,9,0,8579,24,1,3,3,2,3,3,Yes,5,0,12,5,Yes,36-45
254,33,Research & Development,Research Director,Male,Divorced,Life Sciences,5,Travel_Rarely,3,2,11,0,11753,17,2,2,3,3,1,3,No,2,4,10,1,No,26-35
255,20,Research & Development,Research Scientist,Female,Married,Medical,3,Non-Travel,2,0,12,0,7686,12,3,1,3,4,3,3,No,4,4,16,19,No,18-25
256,37,Research & Development,Research Scientist,Male,Single,Other,2,Travel_Rarely,0,0,13,0,7030,21,2,3,2,3,2,4,No,5,2,3,22,Yes,36-45
257,41,Sales,Sales Representative,Male,Married,Life Sciences,1,Travel_Rarely,8,5,8,2,3517,12,0,4,3,1,3,4,No,6,8,22,26,No,36-45
258,50,Research & Development,Laboratory Technician,Male,Divorced,Life Sciences,5,Travel_Rarely,4,3,2,2,4289,13,2,2,1,3,2,3,No,3,5,10,23,No,46-55
259,41,Research & Development,Laboratory Technician,Male,Single,Human Resources,2,Travel_Rarely,4,3,9,3,2658,18,2,3,4,1,3,3,Yes,6,9,4,11,No,36-45
260,28,Research & Development,Research Scientist,Male,Single,Life Sciences,3,Non-Travel,3,1,1,2,6792,20,2,3,2,3,4,3,No,0,5,14,1,No,26-35
261,25,Research & Development,Laboratory Technician,Female,Single,Life Sciences,3,Travel_Rarely,3,1,10,0,2604,25,3,3,2,4,2,3,No,6,9,11,8,No,18-25
262,53,Sales,Sales Executive,Female,Single,Medical,1,Travel_Rarely,0,0,0,0,4523,19,0,2,3,3,3,3,Yes,2,5,9,4,Yes,46-55
263,55,Research & Development,Research Director,Female,Divorced,Technical Degree,3,Non-Travel,6,2,1,4,13229,23,0,4,4,2,1,3,Yes,0,1,14,29,No,46-55
264,57,Research & Development,Research Director,Male,Married,Medical,3,Travel_Rarely,3,1,2,0,9657,24,0,3,3,4,2,3,Yes,5,9,9,25,No,55+
265,37,Research & Development,Research Scientist,Female,Single,Other,2,Travel_Rarely,10,7,6,7,7107,13,2,3,3,4,2,3,Yes,1,9,17,27,No,36-45
266,52,Sales,Manager,Male,Single,Medical,5,Travel_Rarely,1,0,1,0,9230,19,3,1,2,2,3,3,Yes,0,7,2,27,Yes,46-55
267,42,Sales,Sales Representative,Male,Married,Life Sciences,4,Travel_Rarely,1,0,12,0,4564,22,3,2,1,4,4,3,No,0,5,10,22,Yes,36-45
268,52,Research & Development,Research Scientist,Male,Divorced,Other,3,Non-Travel,6,4,4,4,7585,22,3,2,4,4,4,3,No,3,2,19,15,No,46-55
269,42,Research & Development,Laboratory Technician,Male,Married,Life Sciences,3,Travel_Rarely,11,4,1,7,3396,20,2,3,4,2,3,3,No,1,9,24,17,No,36-45
270,46,Research & Development,Manager,Female,Divorced,Life Sciences,4,Travel_Rarely,3,2,6,1,10220,22,0,1,4,4,3,3,Yes,5,8,14,18,No,46-55
271,35,Research & Development,Manufacturing Director,Male,Married,Medical,3,Non-Travel,7,3,9,2,9417,18,2,3,4,4,1,3,No,4,1,21,3,No,26-35
272,35,Research & Development,Laboratory Technician,Male,Single,Life Sciences,2,Travel_Rarely,40,35,7,11,4354,15,3,3,1,4,3,3,No,4,6,40,18,Yes,26-35
273,19,Sales,Manager,Female,Divorced,Life Sciences,2,Non-Travel,27,25,7,13,8586,21,2,2,2,4,2,3,No,4,2,33,26,No,18-25
274,52,Research & Development,Healthcare Representative,Male,Married,Life Sciences,4,Travel_Rarely,8,7,12,2,6067,20,1,1,1,3,3,3,No,2,5,8,7,No,46-55
275,33,Research & Development,Laboratory Technician,Male,Married,Medical,3,Non-Travel,8,2,14,2,3183,13,0,3,3,4,1,3,No,4,4,10,28,No,26-35
276,58,Human Resources,Human Resources,Male,Divorced,Technical Degree,3,Non-Travel,1,0,7,0,3720,21,0,2,2,4,3,3,No,2,5,6,17,No,55+
277,53,Sales,Sales Representative,Female,Single,Medical,5,Travel_Rarely,10,3,9,8,2978,17,3,3,1,4,3,3,No,5,7,14,25,Yes,46-55
278,50,Research & Development,Healthcare Representative,Female,Single,Other,3,Non-Travel,3,0,14,0,6096,19,2,3,4,3,2,4,Yes,5,2,7,18,Yes,46-55
279,21,Research & Development,Manager,Male,Married,Life Sciences,2,Travel_Rarely,19,6,8,7,11963,22,3,1,4,1,4,3,No,0,1,27,20,No,18-25
280,50,Research & Development,Manager,Male,Single,Life Sciences,1,Non-Travel,0,0,0,0,9097,16,2,1,2,4,3,3,No,4,7,5,8,Yes,46-55
281,31,Research & Development,Manager,Male,Single,Life Sciences,1,Travel_Rarely,3,2,11,1,10184,13,1,1,1,1,1,4,Yes,3,0,5,11,Yes,26-35
282,38,Research & Development,Manager,Female,Single,Life Sciences,1,Non-Travel,4,1,0,1,10667,15,0,3,2,1,3,3,No,5,1,18,3,No,36-45
283,37,Research & Development,Manager,Male,Single,Life Sciences,1,Non-Travel,3,2,13,2,9439,17,0,4,4,2,3,3,No,1,9,4,25,No,36-45
284,25,Research & Development,Laboratory Technician,Male,Married,Technical Degree,3,Travel_Rarely,1,0,14,0,4294,18,2,1,1,2,2,3,No,1,0,14,7,No,18-25
285,24,Research & Development,Manager,Male,Single,Human Resources,3,Travel_Rarely,5,3,13,2,9158,23,0,4,4,1,4,3,No,5,4,13,15,No,18-25
286,20,Research & Development,Laboratory Technician,Male,Married,Other,5,Travel_Rarely,8,4,13,1,2800,24,2,4,2,3,4,3,Yes,0,7,22,10,Yes,18-25
287,34,Research & Development,Manager,Male,Married,Life Sciences,3,Travel_Rarely,6,3,9,3,7977,22,3,4,2,4,4,3,No,6,1,15,12,No,26-35
288,50,Research & Development,Healthcare Representative,Female,Married,Human Resources,1,Non-Travel,1,0,1,0,6939,14,1,2,2,4,3,3,No,1,3,14,12,No,46-55
289,29,Sales,Manager,Male,Single,Life Sciences,4,Travel_Rarely,7,4,10,2,12535,12,2,3,2,4,2,4,No,1,3,10,19,No,26-35
290,39,Human Resources,Manager,Male,Divorced,Life Sciences,4,Non-Travel,1,0,14,0,8760,20,1,1,2,2,2,3,No,6,6,11,19,Yes,36-45
291,39,Sales,Manager,Female,Single,Technical Degree,2,Travel_Rarely,1,0,5,0,7975,12,3,3,3,2,3,3,No,0,0,5,15,No,36-45
292,47,Sales,Sales Representative,Female,Married,Medical,2,Travel_Rarely,7,3,13,6,3812,22,3,3,2,4,2,3,No,6,8,15,21,No,46-55
293,55,Sales,Sales Representative,Male,Divorced,Life Sciences,3,Travel_Rarely,11,5,0,2,4290,13,3,2,2,1,4,3,No,0,2,15,21,No,46-55
294,55,Research & Development,Healthcare Representative,Male,Married,Medical,4,Travel_Frequently,3,1,4,2,6070,18,2,2,4,2,2,3,No,0,5,9,26,No,46-55
295,25,Sales,Sales Executive,Male,Married,Life Sciences,1,Non-Travel,4,2,14,1,6853,11,1,2,2,4,3,3,No,3,9,5,5,No,18-25
296,44,Sales,Manager,Female,Married,Marketing,1,Travel_Frequently,2,0,4,1,11616,24,1,3,1,1,3,3,Yes,0,4,3,28,Yes,36-45
297,44,Sales,Sales Executive,Male,Married,Medical,1,Travel_Rarely,4,3,14,2,6606,17,0,4,2,4,1,3,No,0,3,7,13,No,36-45
298,51,Sales,Sales Executive,Female,Divorced,Other,3,Travel_Rarely,0,0,14,0,5625,16,2,3,3,2,1,3,No,0,8,7,25,No,46-55
299,38,Research & Development,Manufacturing Director,Female,Divorced,Life Sciences,3,Non-Travel,18,15,3,9,7970,24,0,2,2,3,2,3,No,5,8,19,9,Yes,36-45
300,47,Research & Development,Healthcare Representative,Male,Married,Life Sciences,5,Travel_Rarely,9,8,10,3,6349,12,0,3,4,3,2,4,No,4,0,18,22,No,46-55
301,50,Research & Development,Laboratory Technician,Male,Married,Medical,1,Travel_Frequently,6,5,4,1,3402,19,2,2,1,2,3,3,No,5,6,12,27,Yes,46-55
302,45,Research & Development,Manufacturing Director,Male,Divorced,Medical,1,Travel_Rarely,4,3,11,3,7781,23,0,2,1,1,1,3,No,4,9,16,27,No,36-45
303,50,Research & Development,Research Director,Male,Divorced,Life Sciences,3,Travel_Rarely,9,6,0,2,8467,22,0,1,2,4,1,3,No,3,8,21,23,No,46-55
304,22,Sales,Sales Representative,Male,Married,Marketing,3,Travel_Frequently,4,1,10,2,3908,15,0,4,2,2,4,4,No,3,4,4,10,No,18-25
305,36,Research & Development,Research Scientist,Female,Married,Technical Degree,5,Travel_Rarely,2,1,10,0,6361,12,3,2,2,1,4,4,Yes,1,0,10,8,No,36-45
306,21,Human Resources,Manager,Female,Single,Human Resources,5,Travel_Rarely,1,0,5,0,10271,13,2,1,2,4,3,3,Yes,6,7,10,9,Yes,18-25
307,52,Research & Development,Research Director,Male,Divorced,Technical Degree,2,Travel_Rarely,6,5,6,4,8264,17,3,4,4,4,3,3,No,6,4,11,6,No,46-55
308,34,Sales,Manager,Female,Single,Technical Degree,4,Non-Travel,15,11,7,9,10277,17,0,2,4,2,3,3,No,5,5,25,24,Yes,26-35
309,45,Research & Development,Research Director,Male,Married,Medical,1,Non-Travel,1,0,14,0,8559,20,0,4,1,4,3,3,No,4,6,1,18,No,36-45
310,47,Research & Development,Manufacturing Director,Male,Single,Technical Degree,1,Travel_Rarely,1,0,1,0,9585,11,3,4,2,3,1,3,No,3,9,10,10,Yes,46-55
311,46,Research & Development,Laboratory Technician,Male,Single,Life Sciences,5,Travel_Rarely,3,2,14,1,3384,25,0,3,4,3,3,3,Yes,3,6,8,24,Yes,46-55
312,23,Sales,Sales Representative,Female,Married,Life Sciences,5,Travel_Rarely,9,3,14,7,4582,20,2,1,4,4,3,3,No,5,6,22,15,No,18-25
313,52,Sales,Sales Executive,Female,Divorced,Life Sciences,2,Non-Travel,2,0,6,0,6334,24,1,4,1,2,1,3,No,1,0,6,13,Yes,46-55
314,58,Sales,Manager,Female,Single,Medical,4,Travel_Frequently,1,0,5,0,11111,21,3,3,1,4,4,3,Yes,0,6,14,11,Yes,55+
315,54,Human Resources,Human Resources,Male,Married,Life Sciences,2,Non-Travel,5,3,8,3,4881,21,1,4,3,2,3,3,Yes,2,2,16,2,Yes,46-55
316,41,Research & Development,Research Scientist,Male,Single,Other,4,Travel_Rarely,4,1,14,0,6249,22,1,3,4,2,4,3,No,1,4,8,8,No,36-45
317,46,Sales,Sales Representative,Male,Single,Life Sciences,1,Travel_Rarely,0,0,7,0,2928,14,1,2,1,3,1,3,No,6,9,4,18,No,46-55
318,48,Sales,Manager,Male,Married,Life Sciences,2,Non-Travel,0,0,13,0,10739,16,3,2,4,3,4,3,Yes,6,4,3,3,No,46-55
319,52,Research & Development,Manager,Female,Married,Medical,5,Non-Travel,6,4,10,4,9721,18,0,3,4,1,1,4,No,2,7,12,23,No,46-55
320,50,Sales,Sales Representative,Female,Single,Life Sciences,2,Travel_Rarely,3,2,13,2,3786,13,2,2,2,2,3,3,No,1,6,17,27,Yes,46-55
321,38,Sales,Sales Representative,Female,Single,Life Sciences,2,Travel_Rarely,21,20,14,14,3595,24,0,2,2,4,4,3,No,1,6,33,25,Yes,36-45
322,49,Human Resources,Manager,Male,Single,Life Sciences,1,Travel_Rarely,6,2,3,3,12216,13,2,2,2,2,3,3,No,0,5,14,3,Yes,46-55
323,40,Sales,Sales Representative,Male,Single,Medical,5,Travel_Rarely,0,0,13,0,3323,18,0,4,2,3,2,3,No,3,6,12,21,No,36-45
324,50,Research & Development,Research Director,Male,Divorced,Medical,5,Travel_Rarely,3,1,12,1,9404,18,1,3,4,2,2,4,Yes,4,6,6,25,No,46-55
325,20,Human Resources,Manager,Male,Divorced,Technical Degree,3,Non-Travel,3,1,8,1,12400,18,1,1,3,1,4,3,Yes,1,4,4,7,No,18-25
326,35,Research & Development,Manufacturing Director,Male,Married,Marketing,3,Travel_Rarely,0,0,0,0,10288,11,2,1,3,4,1,3,No,0,4,1,18,Yes,26-35
327,42,Sales,Sales Executive,Female,Married,Medical,3,Travel_Rarely,15,12,10,4,4042,18,3,3,3,2,4,3,No,6,3,16,21,No,36-45
328,59,Sales,Manager,Female,Divorced,Life Sciences,1,Travel_Rarely,9,2,5,3,12092,18,0,4,4,4,1,4,No,2,3,15,21,No,55+
329,48,Research & Development,Healthcare Representative,Male,Single,Life Sciences,2,Travel_Frequently,1,0,7,0,4867,12,1,2,3,4,2,3,No,5,4,4,9,Yes,46-55
330,20,Research & Development,Laboratory Technician,Male,Divorced,Marketing,5,Non-Travel,1,0,10,0,3915,22,2,2,4,3,1,3,No,6,9,4,18,No,18-25
331,57,Research & Development,Research Scientist,Male,Divorced,Life Sciences,5,Travel_Rarely,0,0,10,0,6225,19,0,4,1,2,2,3,Yes,5,8,0,1,No,55+
332,41,Sales,Manager,Male,Single,Life Sciences,2,Travel_Rarely,2,1,3,0,10098,17,2,1,3,4,4,3,No,3,5,5,4,No,36-45
333,49,Research & Development,Manufacturing Director,Female,Single,Technical Degree,5,Travel_Rarely,5,2,1,2,9846,18,3,3,4,3,3,3,Yes,5,7,10,4,No,46-55
334,39,Human Resources,Human Resources,Male,Divorced,Medical,2,Travel_Rarely,3,2,10,1,3697,12,3,3,1,1,3,3,No,1,8,4,17,No,36-45
335,40,Research & Development,Laboratory Technician,Male,Married,Life Sciences,1,Travel_Rarely,20,8,1,10,2865,14,0,4,2,1,3,3,Yes,2,3,23,26,Yes,36-45
336,19,Human Resources,Manager,Male,Single,Life Sciences,1,Travel_Rarely,0,0,9,0,10720,17,3,2,1,2,1,3,Yes,1,6,10,23,Yes,18-25
337,44,Research & Development,Healthcare Representative,Female,Single,Human Resources,1,Travel_Rarely,5,3,0,4,5066,16,0,2,1,4,3,3,Yes,5,4,11,2,No,36-45
338,59,Research & Development,Laboratory Technician,Male,Married,Technical Degree,2,Travel_Rarely,11,8,4,4,4429,17,0,2,3,2,1,4,No,4,3,23,27,No,55+
339,19,Research & Development,Manager,Male,Married,Marketing,2,Travel_Rarely,3,1,12,1,9638,11,3,3,2,4,3,4,Yes,6,6,11,15,No,18-25
340,43,Research & Development,Research Director,Male,Married,Medical,4,Travel_Rarely,0,0,5,0,8236,18,2,1,2,3,1,3,No,5,2,1,13,No,36-45
341,34,Sales,Manager,Female,Divorced,Medical,5,Travel_Rarely,1,0,3,0,10903,23,2,3,3,1,1,3,No,4,0,8,9,Yes,26-35
342,57,Research & Development,Manager,Female,Single,Other,5,Non-Travel,2,0,3,0,8853,17,0,4,1,1,2,4,No,5,6,15,7,No,55+
343,50,Research & Development,Research Scientist,Male,Married,Other,4,Non-Travel,20,11,4,16,4890,23,1,3,4,1,2,3,No,3,8,25,29,No,46-55
344,26,Research & Development,Manufacturing Director,Female,Married,Life Sciences,4,Travel_Rarely,14,8,13,11,8429,14,0,4,3,1,4,3,No,2,1,21,29,Yes,26-35
345,60,Human Resources,Human Resources,Female,Married,Technical Degree,1,Travel_Rarely,17,7,14,5,5514,11,2,3,1,2,2,4,No,4,6,18,12,No,55+
346,56,Research & Development,Research Scientist,Female,Single,Life Sciences,4,Travel_Rarely,10,3,4,8,5757,25,0,1,4,4,1,3,No,0,9,23,12,Yes,55+
347,46,Sales,Manager,Female,Divorced,Life Sciences,2,Travel_Rarely,2,1,13,0,9075,18,2,4,3,2,2,3,No,3,1,12,14,Yes,46-55
348,59,Sales,Sales Representative,Female,Divorced,Medical,3,Non-Travel,14,11,13,8,3733,20,3,2,3,3,2,3,No,1,2,14,23,No,55+
349,43,Sales,Sales Representative,Male,Married,Life Sciences,2,Travel_Rarely,24,18,13,6,2825,17,0,2,2,1,2,3,No,5,9,30,15,No,36-45
350,52,Research & Development,Healthcare Representative,Female,Married,Human Resources,4,Travel_Rarely,2,1,13,1,4575,18,0,3,2,4,1,3,No,2,9,14,1,No,46-55
351,42,Research & Development,Manager,Male,Single,Life Sciences,5,Travel_Rarely,1,0,8,0,11788,20,3,3,2,2,1,4,No,2,2,9,9,No,36-45
352,41,Human Resources,Manager,Female,Married,Medical,2,Non-Travel,4,3,7,2,12481,11,3,1,4,4,4,3,No,5,3,12,26,No,36-45
353,30,Research & Development,Research Scientist,Male,Married,Human Resources,5,Non-Travel,1,0,8,0,4921,15,1,1,3,2,2,3,No,0,5,15,16,No,26-35
354,24,Human Resources,Human Resources,Female,Married,Human Resources,2,Travel_Rarely,0,0,12,0,4485,19,3,2,2,4,2,3,Yes,6,2,1,9,No,18-25
355,53,Research & Development,Laboratory Technician,Female,Divorced,Life Sciences,5,Non-Travel,17,11,13,8,4415,15,1,3,2,4,1,3,Yes,6,8,20,16,Yes,46-55
356,37,Research & Development,Research Director,Male,Married,Life Sciences,2,Non-Travel,15,9,2,3,8492,23,3,4,3,1,4,3,No,4,1,27,2,No,36-45
357,18,Research & Development,Healthcare Representative,Female,Married,Medical,5,Non-Travel,1,0,13,0,4741,24,2,1,4,2,4,3,No,5,6,1,10,Yes,18-25
358,25,Research & Development,Research Director,Male,Married,Life Sciences,3,Travel_Rarely,3,1,2,1,12882,24,0,4,2,3,1,4,Yes,2,5,13,25,No,18-25
359,33,Sales,Sales Representative,Female,Single,Other,1,Travel_Rarely,10,9,0,5,4281,20,3,4,1,4,2,3,No,0,1,16,18,No,26-35
360,31,Research & Development,Manufacturing Director,Male,Married,Human Resources,2,Travel_Rarely,6,4,13,5,7129,22,2,1,4,3,4,3,No,6,2,7,13,No,26-35
361,29,Research & Development,Healthcare Representative,Male,Married,Life Sciences,3,Travel_Rarely,3,1,9,1,5387,13,3,3,2,1,4,3,No,0,5,6,2,No,26-35
362,40,Research & Development,Laboratory Technician,Female,Married,Life Sciences,1,Travel_Rarely,8,2,12,1,2668,19,0,4,1,3,2,3,No,6,9,19,29,No,36-45
363,32,Research & Development,Research Director,Male,Divorced,Life Sciences,2,Non-Travel,13,7,5,8,10066,23,3,3,2,4,4,3,No,1,3,14,29,No,26-35
364,45,Research & Development,Laboratory Technician,Female,Married,Human Resources,3,Travel_Rarely,15,4,3,11,4053,19,3,4,4,4,2,3,No,0,0,15,13,No,36-45
365,51,Research & Development,Manufacturing Director,Male,Divorced,Life Sciences,3,Travel_Rarely,2,1,10,1,9059,14,0,3,3,4,4,4,No,3,0,8,24,No,46-55
366,19,Research & Development,Manager,Male,Married,Medical,3,Travel_Rarely,1,0,14,0,10696,14,3,3,3,2,4,3,No,2,2,6,3,Yes,18-25
367,49,Research & Development,Healthcare Representative,Male,Married,Medical,4,Travel_Rarely,14,7,14,6,5179,21,0,3,4,3,1,3,No,3,7,15,15,No,46-55
368,40,Research & Development,Manufacturing Director,Male,Divorced,Medical,5,Non-Travel,0,0,13,0,7174,18,1,3,2,2,4,3,No,6,3,13,3,No,36-45
369,39,Research & Development,Research Scientist,Male,Single,Life Sciences,1,Travel_Rarely,7,3,7,5,4443,17,3,1,4,4,2,3,No,0,0,10,23,No,36-45
370,42,Sales,Sales Executive,Male,Single,Life Sciences,5,Travel_Rarely,0,0,1,0,6463,21,2,4,1,4,4,3,No,0,7,11,10,No,36-45
371,39,Research & Development,Manufacturing Director,Male,Married,Human Resources,5,Non-Travel,2,0,10,0,9455,15,3,3,2,1,1,3,Yes,3,9,12,6,Yes,36-45
372,39,Sales,Sales Executive,Male,Single,Human Resources,5,Travel_Frequently,3,1,1,1,4687,16,0,2,4,1,4,3,No,1,5,5,23,No,36-45
373,59,Research & Development,Healthcare Representative,Female,Single,Marketing,3,Travel_Frequently,1,0,6,0,5465,25,0,4,3,4,3,3,No,0,0,12,22,Yes,55+
374,23,Research & Development,Laboratory Technician,Female,Married,Life Sciences,5,Travel_Rarely,15,10,12,12,4098,13,2,4,4,2,2,3,No,3,9,17,14,No,18-25
375,32,Research & Development,Research Director,Male,Married,Life Sciences,4,Travel_Frequently,0,0,14,0,10670,24,2,3,2,2,3,3,No,3,9,2,9,No,26-35
376,60,Research & Development,Research Scientist,Female,Married,Medical,2,Non-Travel,13,9,4,7,5390,25,0,4,4,4,1,3,No,2,5,23,18,No,55+
377,54,Human Resources,Manager,Male,Divorced,Life Sciences,3,Non-Travel,12,10,12,7,8642,16,1,2,3,3,3,3,Yes,1,0,15,8,Yes,46-55
378,50,Research & Development,Manufacturing Director,Female,Married,Human Resources,1,Non-Travel,2,0,0,0,7444,23,1,2,1,2,4,3,No,4,9,2,27,No,46-55
379,25,Human Resources,Manager,Female,Divorced,Medical,2,Travel_Rarely,7,4,6,3,11648,18,0,2,4,4,2,3,No,3,9,7,6,No,18-25
380,22,Research & Development,Manufacturing Director,Female,Single,Life Sciences,2,Non-Travel,1,0,6,0,9192,20,1,4,4,1,3,3,No,2,2,7,15,No,18-25
381,56,Sales,Sales Executive,Male,Married,Human Resources,2,Travel_Frequently,8,6,9,3,6127,24,2,4,1,4,4,3,Yes,4,1,12,14,Yes,55+
382,21,Sales,Sales Executive,Female,Divorced,Other,5,Non-Travel,4,2,5,1,6580,23,1,3,4,2,3,4,No,2,3,6,15,No,18-25
383,23,Research & Development,Healthcare Representative,Male,Married,Life Sciences,5,Travel_Rarely,2,1,3,0,7239,21,2,4,3,4,4,3,No,2,1,10,20,No,18-25
384,49,Sales,Manager,Female,Married,Medical,3,Travel_Rarely,3,2,11,2,8547,19,3,4,1,3,4,3,No,5,4,7,6,No,46-55
385,47,Research & Development,Research Scientist,Male,Married,Life Sciences,5,Travel_Rarely,7,4,12,6,4996,13,2,3,3,3,3,4,No,1,3,16,22,No,46-55
386,52,Research & Development,Manufacturing Director,Female,Single,Life Sciences,5,Travel_Rarely,14,7,7,9,8617,18,3,2,3,2,1,4,Yes,0,5,16,12,No,46-55
387,57,Research & Development,Research Director,Female,Married,Life Sciences,5,Travel_Rarely,0,0,11,0,7799,22,2,3,3,4,2,4,No,1,6,8,10,Yes,55+
388,33,Research & Development,Research Director,Female,Married,Medical,3,Travel_Rarely,5,4,10,2,12112,13,2,1,2,3,1,3,No,4,1,5,19,Yes,26-35
389,30,Research & Development,Healthcare Representative,Male,Divorced,Other,3,Travel_Rarely,1,0,1,0,6917,12,1,4,1,3,3,4,No,5,1,14,8,No,26-35
390,59,Research & Development,Manager,Female,Single,Medical,4,Travel_Rarely,9,8,1,8,10904,15,2,4,2,1,4,3,No,1,7,17,5,No,55+
391,47,Research & Development,Manufacturing Director,Male,Divorced,Life Sciences,4,Travel_Rarely,0,0,1,0,7686,24,0,1,2,2,3,3,No,0,8,13,27,No,46-55
392,36,Research & Development,Manufacturing Director,Female,Divorced,Medical,4,Travel_Frequently,7,6,2,1,6991,14,3,1,4,1,4,3,No,1,4,11,10,Yes,36-45
393,34,Research & Development,Research Scientist,Male,Single,Life Sciences,4,Travel_Rarely,1,0,5,0,5661,23,3,1,1,1,4,4,No,1,6,6,11,No,26-35
394,36,Sales,Manager,Male,Married,Technical Degree,2,Travel_Rarely,5,4,0,3,11700,15,2,3,4,3,1,3,Yes,1,8,6,20,No,36-45
395,45,Human Resources,Human Resources,Male,Divorced,Medical,2,Travel_Rarely,10,6,10,4,4034,16,0,2,2,4,1,3,No,3,0,17,14,No,36-45
396,43,Research & Development,Laboratory Technician,Male,Divorced,Life Sciences,4,Travel_Rarely,8,5,1,7,2625,25,2,3,4,1,3,3,No,3,7,22,14,No,36-45
397,54,Research & Development,Manager,Male,Married,Life Sciences,4,Travel_Frequently,8,4,9,3,8681,13,2,1,3,2,2,3,Yes,1,9,10,29,No,46-55
398,43,Sales,Sales Executive,Male,Married,Marketing,1,Non-Travel,4,2,14,1,6969,11,1,3,2,2,1,4,Yes,0,9,4,2,Yes,36-45
399,40,Research & Development,Laboratory Technician,Male,Married,Life Sciences,2,Travel_Rarely,13,10,1,8,3859,25,2,4,3,4,4,3,Yes,6,8,19,26,No,36-45
400,26,Sales,Sales Executive,Female,Married,Marketing,1,Travel_Rarely,5,3,13,1,6702,14,2,3,1,2,3,3,No,0,8,16,17,No,26-35
401,29,Sales,Sales Executive,Female,Single,Life Sciences,1,Travel_Frequently,14,6,11,9,6324,16,1,1,4,1,3,3,No,0,9,16,15,No,26-35
402,18,Research & Development,Research Director,Male,Married,Life Sciences,5,Non-Travel,4,1,0,1,10676,12,1,4,2,4,2,3,No,0,6,7,29,No,18-25
403,18,Research & Development,Healthcare Representative,Male,Single,Medical,3,Travel_Rarely,4,3,2,1,4623,12,0,2,1,2,3,3,Yes,5,9,18,23,No,18-25
404,51,Research & Development,Manufacturing Director,Male,Single,Other,2,Travel_Rarely,1,0,9,0,8073,11,1,3,3,2,1,3,No,5,2,5,26,No,46-55
405,49,Human Resources,Manager,Male,Married,Human Resources,4,Non-Travel,4,2,6,2,10352,19,3,3,4,1,4,3,Yes,2,4,4,27,Yes,46-55
406,42,Research & Development,Research Director,Female,Married,Life Sciences,4,Travel_Rarely,0,0,14,0,12562,13,3,1,4,1,3,3,No,1,1,10,3,Yes,36-45
407,57,Research & Development,Research Scientist,Female,Single,Life Sciences,3,Travel_Rarely,12,7,12,10,5286,12,0,2,2,1,3,3,No,6,9,22,3,Yes,55+
408,18,Sales,Sales Representative,Male,Married,Life Sciences,2,Travel_Rarely,6,2,0,3,3054,14,2,4,4,1,4,3,No,6,2,14,3,Yes,18-25
409,33,Research & Development,Research Scientist,Male,Married,Medical,4,Non-Travel,30,18,6,9,6244,16,0,1,4,4,3,3,No,1,9,36,26,No,26-35
410,56,Research & Development,Laboratory Technician,Male,Single,Medical,4,Non-Travel,0,0,4,0,2898,11,1,1,3,4,3,4,No,2,6,1,28,Yes,55+
411,22,Human Resources,Manager,Female,Single,Human Resources,5,Travel_Rarely,1,0,8,0,10495,19,2,3,3,4,2,3,Yes,0,0,13,29,Yes,18-25
412,39,Research & Development,Healthcare Representative,Female,Divorced,Human Resources,1,Travel_Rarely,12,6,1,6,4982,19,0,2,3,3,1,3,No,4,2,12,3,No,36-45
413,46,Research & Development,Research Director,Male,Married,Life Sciences,4,Travel_Rarely,3,0,0,0,8916,18,0,1,1,1,3,3,No,4,4,16,18,Yes,46-55
414,20,Sales,Manager,Male,Married,Medical,2,Non-Travel,3,1,8,0,9355,16,3,3,1,1,1,3,Yes,2,3,13,6,No,18-25
415,29,Research & Development,Laboratory Technician,Female,Married,Human Resources,3,Non-Travel,11,3,7,5,3698,14,0,4,4,4,2,4,No,6,2,12,14,No,26-35
416,43,Research & Development,Manufacturing Director,Female,Divorced,Technical Degree,5,Travel_Rarely,4,2,9,1,9017,12,2,1,1,2,1,3,No,4,5,6,26,No,36-45
417,33,Sales,Manager,Male,Single,Life Sciences,2,Travel_Rarely,1,0,5,0,8521,18,0,4,2,2,2,3,Yes,3,5,12,3,No,26-35
418,54,Sales,Sales Executive,Male,Married,Life Sciences,5,Travel_Rarely,13,11,14,11,6673,17,0,4,3,1,1,3,No,1,3,15,1,No,46-55
419,39,Research & Development,Research Scientist,Male,Married,Medical,1,Travel_Rarely,0,0,4,0,4762,22,1,3,1,1,1,3,No,4,8,7,10,Yes,36-45
420,46,Sales,Sales Executive,Male,Married,Life Sciences,4,Non-Travel,13,6,7,10,4118,24,0,2,4,4,3,3,No,5,5,17,13,No,46-55
421,31,Human Resources,Manager,Male,Single,Life Sciences,2,Travel_Rarely,0,0,7,0,10454,14,2,4,3,1,1,3,No,5,8,8,29,Yes,26-35
422,45,Research & Development,Research Scientist,Male,Married,Life Sciences,3,Travel_Rarely,6,4,13,4,4807,13,3,1,1,2,3,3,No,6,9,8,9,No,36-45
423,22,Sales,Sales Executive,Male,Single,Medical,1,Travel_Rarely,0,0,4,0,5514,25,3,2,3,2,3,4,No,6,9,5,22,Yes,18-25
424,47,Research & Development,Manager,Male,Married,Life Sciences,1,Travel_Frequently,7,5,11,5,12339,16,3,2,1,1,1,3,Yes,3,1,10,22,No,46-55
425,22,Research & Development,Laboratory Technician,Female,Married,Life Sciences,5,Travel_Rarely,0,0,6,0,3901,25,3,3,4,4,3,4,No,1,5,7,26,No,18-25
426,29,Research & Development,Healthcare Representative,Male,Single,Life Sciences,1,Travel_Rarely,11,5,12,5,6086,25,1,1,1,4,1,3,No,3,3,22,25,No,26-35
427,33,Sales,Sales Executive,Male,Divorced,Technical Degree,2,Travel_Rarely,3,2,12,1,5724,11,2,1,1,2,4,3,No,1,1,3,2,No,26-35
428,43,Sales,Sales Executive,Male,Single,Technical Degree,5,Travel_Rarely,0,0,0,0,4538,12,1,3,1,4,3,3,No,1,4,3,10,No,36-45
429,43,Research & Development,Research Director,Male,Divorced,Medical,1,Travel_Rarely,7,4,3,2,10066,17,3,3,3,2,4,3,No,6,2,13,25,No,36-45
430,38,Research & Development,Healthcare Representative,Female,Married,Medical,3,Travel_Rarely,4,3,1,1,5228,21,1,2,1,1,4,3,No,4,5,12,12,No,36-45
431,56,Research & Development,Manufacturing Director,Male,Single,Other,2,Travel_Rarely,1,0,9,0,10974,13,0,4,1,2,3,3,No,5,7,13,19,No,55+
432,53,Research & Development,Manufacturing Director,Male,Single,Life Sciences,3,Travel_Rarely,0,0,2,0,7563,24,2,4,1,1,2,3,Yes,2,3,0,3,Yes,46-55
433,50,Research & Development,Healthcare Representative,Female,Divorced,Life Sciences,3,Travel_Rarely,3,2,11,2,5631,23,0,4,3,4,2,3,No,4,3,10,19,Yes,46-55
434,47,Sales,Manager,Male,Single,Life Sciences,5,Travel_Rarely,0,0,0,0,12265,11,1,4,4,3,4,3,No,6,4,1,1,No,46-55
435,54,Research & Development,Research Director,Female,Single,Life Sciences,4,Travel_Rarely,0,0,10,0,12098,12,0,1,4,3,4,3,No,0,5,3,26,Yes,46-55
436,40,Human Resources,Manager,Male,Married,Life Sciences,5,Non-Travel,1,0,10,0,12408,20,1,1,4,3,1,4,No,3,6,4,15,No,36-45
437,27,Research & Development,Manufacturing Director,Male,Married,Human Resources,2,Travel_Rarely,5,3,1,1,9319,20,1,3,1,2,4,3,No,6,5,18,23,No,26-35
438,22,Research & Development,Manufacturing Director,Male,Married,Medical,2,Travel_Rarely,4,1,12,2,8002,24,2,3,3,3,3,3,No,0,6,11,26,No,18-25
439,53,Sales,Sales Executive,Male,Single,Medical,5,Travel_Rarely,0,0,0,0,6479,19,2,4,4,2,2,3,Yes,1,8,10,13,No,46-55
440,51,Research & Development,Research Director,Female,Single,Human Resources,4,Travel_Rarely,20,11,7,17,9261,17,2,3,4,4,2,3,Yes,6,3,21,7,No,46-55
441,48,Research & Development,Laboratory Technician,Female,Single,Life Sciences,5,Travel_Rarely,13,7,3,7,2876,17,3,1,4,1,2,3,Yes,4,9,19,2,Yes,46-55
442,27,Research & Development,Healthcare Representative,Male,Single,Life Sciences,2,Non-Travel,1,0,2,0,6363,24,2,4,2,3,3,3,No,0,0,3,22,Yes,26-35
443,36,Research & Development,Healthcare Representative,Male,Married,Medical,4,Travel_Rarely,0,0,0,0,6153,20,0,4,3,2,1,3,Yes,0,8,8,20,No,36-45
444,49,Research & Development,Manager,Female,Married,Medical,2,Travel_Rarely,17,9,1,9,11946,18,2,1,2,4,3,3,No,5,6,21,11,No,46-55
445,18,Research & Development,Research Director,Female,Single,Life Sciences,4,Travel_Rarely,3,2,2,1,13082,25,2,2,1,4,3,3,No,6,3,16,23,No,18-25
446,22,Sales,Manager,Male,Married,Life Sciences,4,Travel_Rarely,2,1,2,1,11828,22,2,4,4,3,2,3,No,0,9,13,16,No,18-25
447,21,Research & Development,Laboratory Technician,Male,Married,Medical,5,Non-Travel,4,1,5,3,2675,22,1,3,1,4,3,3,No,5,7,18,14,Yes,18-25
448,33,Sales,Manager,Male,Divorced,Marketing,5,Travel_Rarely,8,7,9,3,10788,18,1,2,3,4,4,3,Yes,5,6,15,23,Yes,26-35
449,41,Sales,Sales Representative,Female,Divorced,Medical,5,Non-Travel,1,0,7,0,4447,19,2,1,1,4,3,4,No,1,1,15,15,No,36-45
450,33,Research & Development,Research Director,Male,Divorced,Life Sciences,4,Travel_Frequently,8,7,5,7,13196,12,1,2,1,2,2,3,No,5,0,12,20,Yes,26-35
451,19,Research & Development,Healthcare Representative,Male,Single,Life Sciences,4,Travel_Rarely,8,4,1,6,5328,24,1,2,4,4,2,4,No,1,8,8,19,Yes,18-25
452,45,Research & Development,Healthcare Representative,Female,Single,Medical,2,Travel_Rarely,4,2,1,2,4690,18,3,4,3,4,3,3,Yes,5,6,12,7,No,36-45
453,49,Sales,Sales Executive,Male,Single,Life Sciences,3,Non-Travel,12,11,13,8,6558,18,0,2,1,4,4,3,No,5,9,21,9,Yes,46-55
454,44,Research & Development,Manufacturing Director,Male,Single,Other,5,Non-Travel,0,0,6,0,7923,23,1,3,2,4,4,3,No,6,0,10,4,No,36-45
455,37,Sales,Manager,Male,Married,Medical,2,Travel_Rarely,5,4,0,4,10430,15,0,4,4,4,2,4,No,6,3,16,6,Yes,36-45
456,41,Sales,Sales Representative,Male,Married,Life Sciences,2,Non-Travel,3,2,0,2,3618,15,1,1,2,2,4,3,No,1,4,9,23,No,36-45
457,29,Research & Development,Research Director,Male,Divorced,Marketing,1,Travel_Rarely,3,2,6,1,9893,14,2,3,4,4,4,3,Yes,0,4,6,10,No,26-35
458,52,Sales,Sales Representative,Male,Divorced,Medical,5,Travel_Rarely,1,0,8,0,4338,24,1,4,1,4,1,3,No,3,4,7,3,No,46-55
459,50,Research & Development,Research Scientist,Male,Married,Life Sciences,2,Travel_Rarely,2,0,4,0,5592,15,1,2,4,1,1,4,No,4,2,6,21,Yes,46-55
460,50,Sales,Manager,Male,Married,Technical Degree,1,Travel_Rarely,0,0,10,0,10942,12,0,3,1,4,4,3,No,4,4,9,28,No,46-55
461,60,Sales,Sales Representative,Female,Single,Technical Degree,5,Travel_Rarely,1,0,0,0,2830,12,2,4,2,4,4,3,No,1,3,14,1,No,55+
462,54,Sales,Manager,Female,Single,Medical,4,Travel_Rarely,1,0,4,0,8953,15,3,4,1,2,1,3,Yes,0,4,9,6,Yes,46-55
463,29,Research & Development,Manufacturing Director,Male,Married,Life Sciences,1,Travel_Rarely,7,4,10,3,7931,21,0,1,4,4,1,3,No,6,6,8,5,No,26-35
464,20,Research & Development,Healthcare Representative,Male,Single,Medical,4,Travel_Rarely,0,0,0,0,6496,23,2,4,4,2,1,3,No,6,4,3,23,Yes,18-25
465,18,Research & Development,Research Scientist,Male,Married,Marketing,3,Non-Travel,6,3,9,2,5438,13,2,1,4,3,2,3,No,3,7,11,15,No,18-25
466,50,Research & Development,Manufacturing Director,Male,Married,Life Sciences,3,Travel_Frequently,1,0,14,0,9439,11,0,2,2,4,2,3,No,2,7,11,25,No,46-55
467,57,Research & Development,Manufacturing Director,Male,Married,Life Sciences,3,Non-Travel,0,0,11,0,9704,19,1,4,3,1,1,3,No,6,2,4,11,No,55+
468,27,Sales,Manager,Female,Married,Human Resources,3,Non-Travel,2,1,8,0,10755,12,2,4,2,2,1,3,Yes,1,4,2,20,No,26-35
469,60,Research & Development,Healthcare Representative,Male,Single,Life Sciences,2,Non-Travel,1,0,3,0,6042,24,3,2,1,3,1,3,Yes,2,3,9,25,Yes,55+
470,46,Research & Development,Research Director,Male,Divorced,Marketing,3,Travel_Frequently,4,3,8,2,9957,22,1,4,1,1,2,3,No,4,4,12,13,Yes,46-55
471,30,Research & Development,Laboratory Technician,Male,Single,Medical,2,Travel_Rarely,2,1,1,0,3276,24,0,4,2,2,2,3,No,4,7,4,6,No,26-35
472,29,Research & Development,Healthcare Representative,Female,Married,Medical,2,Travel_Rarely,20,14,6,17,5921,20,0,3,2,3,4,3,No,6,3,23,5,No,26-35
473,48,Human Resources,Manager,Male,Married,Life Sciences,5,Travel_Rarely,19,14,14,8,7543,12,0,1,1,1,3,3,No,3,4,22,2,No,46-55
474,19,Research & Development,Laboratory Technician,Female,Married,Technical Degree,2,Travel_Rarely,3,1,11,2,4241,24,0,4,1,4,4,3,No,3,6,12,17,No,18-25
475,52,Sales,Manager,Male,Divorced,Life Sciences,2,Travel_Rarely,9,5,12,3,11656,14,3,4,1,1,3,3,No,2,2,16,24,No,46-55
476,40,Research & Development,Laboratory Technician,Female,Single,Medical,3,Travel_Rarely,0,0,1,0,3225,12,3,1,3,1,3,3,No,6,5,5,12,No,36-45
477,34,Research & Development,Research Scientist,Female,Married,Medical,2,Non-Travel,4,2,11,2,6270,17,2,3,3,1,3,3,No,4,8,18,12,No,26-35
478,43,Research & Development,Research Scientist,Male,Married,Marketing,4,Travel_Rarely,8,5,3,5,7476,25,3,1,2,2,4,3,No,3,3,9,22,No,36-45
479,25,Research & Development,Healthcare Representative,Male,Divorced,Other,3,Non-Travel,1,0,5,0,5007,22,0,4,2,4,2,3,No,3,3,4,14,No,18-25
480,46,Research & Development,Research Director,Male,Single,Medical,1,Travel_Rarely,0,0,13,0,11831,20,3,2,3,4,2,3,Yes,4,5,0,7,Yes,46-55
481,43,Research & Development,Healthcare Representative,Male,Married,Life Sciences,3,Travel_Rarely,1,0,1,0,4418,25,1,2,4,2,2,3,No,6,5,3,22,Yes,36-45
482,27,Research & Development,Healthcare Representative,Female,Married,Other,2,Travel_Rarely,3,2,1,1,5792,11,1,3,3,1,2,3,No,4,2,6,26,No,26-35
483,43,Research & Development,Manager,Female,Single,Medical,4,Travel_Rarely,4,1,1,1,11973,21,2,3,2,4,4,3,No,0,0,11,29,No,36-45
484,51,Research & Development,Healthcare Representative,Female,Married,Life Sciences,3,Travel_Frequently,2,1,2,0,5881,12,0,4,3,1,1,3,No,5,2,4,14,Yes,46-55
485,58,Sales,Sales Representative,Female,Married,Life Sciences,4,Travel_Rarely,3,1,4,2,4094,21,3,3,4,4,3,4,Yes,3,7,7,7,No,55+
486,24,Research & Development,Research Scientist,Male,Married,Technical Degree,1,Travel_Rarely,3,2,8,0,7395,15,2,4,2,2,2,4,Yes,2,7,3,9,No,18-25
487,21,Sales,Sales Executive,Male,Divorced,Life Sciences,1,Travel_Rarely,8,5,5,2,6146,25,2,2,1,3,2,3,Yes,6,5,20,14,No,18-25
488,28,Research & Development,Healthcare Representative,Female,Married,Medical,5,Non-Travel,0,0,14,0,6331,12,3,3,2,1,4,3,No,1,6,3,21,Yes,26-35
489,46,Research & Development,Research Scientist,Male,Married,Medical,5,Travel_Frequently,8,4,14,7,6335,19,2,4,3,4,3,3,Yes,1,1,9,17,No,46-55
490,53,Sales,Sales Representative,Female,Married,Life Sciences,3,Travel_Rarely,7,5,11,3,4129,14,0,1,3,4,2,4,No,4,8,10,17,No,46-55
491,42,Research & Development,Manager,Male,Single,Medical,5,Travel_Rarely,8,4,13,6,11540,19,3,3,4,4,1,3,No,5,2,12,25,No,36-45
492,38,Sales,Sales Executive,Male,Single,Life Sciences,4,Travel_Rarely,7,4,8,2,6937,21,1,4,3,2,2,3,Yes,6,1,9,21,No,36-45
493,53,Sales,Sales Executive,Female,Married,Medical,5,Travel_Frequently,3,2,9,2,6385,22,1,4,4,2,3,3,No,6,4,16,13,No,46-55
494,27,Research & Development,Laboratory Technician,Male,Single,Medical,4,Travel_Rarely,1,0,14,0,3918,11,3,1,2,3,1,3,No,2,0,6,29,No,26-35
495,54,Research & Development,Manager,Female,Single,Medical,5,Travel_Rarely,4,3,13,2,7931,11,2,2,3,2,4,3,No,0,4,15,27,No,46-55
496,26,Human Resources,Human Resources,Female,Married,Marketing,5,Travel_Rarely,19,17,12,14,5160,11,2,1,2,1,1,3,No,3,9,33,29,No,26-35
497,41,Research & Development,Healthcare Representative,Female,Married,Technical Degree,5,Travel_Rarely,5,2,4,3,6456,24,1,4,1,2,3,4,No,0,3,6,18,Yes,36-45
498,52,Research & Development,Research Director,Female,Single,Marketing,2,Travel_Rarely,0,0,10,0,11991,14,1,1,1,4,3,3,No,6,5,4,19,No,46-55
499,52,Research & Development,Manufacturing Director,Male,Married,Life Sciences,2,Travel_Frequently,0,0,5,0,7509,19,0,1,4,1,1,3,No,2,4,3,17,Yes,46-55
500,53,Sales,Manager,Female,Single,Life Sciences,5,Travel_Frequently,29,22,9,10,12078,18,2,4,3,2,2,3,Yes,0,8,33,6,No,46-55
501,35,Human Resources,Manager,Male,Divorced,Medical,4,Travel_Rarely,0,0,11,0,7725,17,0,2,2,1,3,3,No,4,4,12,12,Yes,26-35
502,56,Research & Development,Research Director,Male,Divorced,Human Resources,3,Travel_Rarely,0,0,7,0,9045,25,1,1,2,1,1,3,No,1,7,8,6,Yes,55+
503,49,Research & Development,Research Director,Female,Married,Technical Degree,1,Travel_Rarely,2,1,2,1,11379,11,1,1,3,2,3,3,No,4,1,7,3,Yes,46-55
504,41,Sales,Sales Representative,Male,Single,Technical Degree,2,Travel_Frequently,20,13,1,8,4214,13,1,3,2,1,2,4,Yes,3,2,26,15,Yes,36-45
505,40,Research & Development,Manufacturing Director,Male,Married,Life Sciences,5,Travel_Rarely,2,0,2,1,7903,19,1,3,3,4,2,3,No,4,2,15,3,No,36-45
506,49,Research & Development,Research Director,Male,Divorced,Medical,1,Travel_Rarely,3,1,13,1,11598,25,0,4,3,4,1,3,No,2,2,13,23,No,46-55
507,54,Research & Development,Research Scientist,Male,Married,Medical,2,Travel_Frequently,6,2,8,4,5680,19,1,4,1,2,4,4,Yes,6,5,13,15,No,46-55
508,29,Sales,Sales Executive,Female,Single,Life Sciences,3,Travel_Rarely,0,0,14,0,4000,15,3,4,3,2,4,4,No,2,6,14,1,Yes,26-35
509,30,Research & Development,Healthcare Representative,Male,Married,Life Sciences,4,Travel_Rarely,13,4,5,6,4667,22,2,3,2,4,2,3,Yes,3,6,21,21,No,26-35
510,40,Human Resources,Human Resources,Female,Divorced,Other,5,Travel_Rarely,4,1,9,2,5318,23,1,4,3,2,4,3,Yes,3,6,17,29,No,36-45
511,42,Research & Development,Laboratory Technician,Female,Married,Life Sciences,3,Travel_Rarely,3,1,11,1,2987,16,2,1,1,4,2,3,No,1,2,7,3,Yes,36-45
512,52,Research & Development,Laboratory Technician,Female,Married,Life Sciences,2,Travel_Rarely,11,6,3,9,2776,21,1,1,1,1,4,3,No,0,0,18,5,No,46-55
513,58,Sales,Sales Representative,Male,Married,Life Sciences,5,Non-Travel,18,16,9,12,4232,23,0,2,4,2,2,4,No,1,5,19,27,No,55+
514,47,Human Resources,Manager,Female,Married,Human Resources,1,Travel_Rarely,3,2,2,1,9579,16,2,4,2,3,3,3,No,4,2,12,14,No,46-55
515,34,Sales,Sales Executive,Male,Single,Medical,4,Non-Travel,1,0,12,0,6389,20,0,1,3,4,1,3,No,0,2,9,4,No,26-35
516,37,Research & Development,Research Scientist,Female,Married,Medical,2,Travel_Rarely,10,7,1,6,7242,14,1,1,2,4,1,3,No,3,2,11,22,No,36-45
517,42,Research & Development,Manufacturing Director,Male,Single,Human Resources,4,Travel_Rarely,3,2,14,1,10460,11,3,2,2,1,4,3,No,2,8,15,28,No,36-45
518,39,Sales,Manager,Female,Married,Life Sciences,5,Travel_Frequently,16,10,13,5,8890,15,3,1,3,3,1,3,Yes,4,3,30,9,No,36-45
519,30,Research & Development,Manager,Female,Single,Medical,3,Travel_Rarely,17,13,3,8,9929,23,3,2,1,3,4,4,No,1,4,28,18,No,26-35
520,36,Sales,Sales Executive,Male,Married,Life Sciences,4,Travel_Rarely,0,0,8,0,5950,11,3,2,2,3,2,3,Yes,6,2,4,10,No,36-45
521,53,Sales,Sales Representative,Male,Single,Life Sciences,1,Travel_Rarely,18,11,3,14,3476,11,3,3,4,4,3,4,No,5,9,23,8,No,46-55
522,29,Research & Development,Manufacturing Director,Female,Married,Technical Degree,2,Travel_Frequently,2,1,12,0,6597,21,0,1,2,4,1,3,Yes,5,0,5,13,No,26-35
523,58,Research & Development,Manager,Male,Divorced,Marketing,1,Travel_Rarely,6,2,11,2,9876,15,3,3,1,3,3,3,Yes,3,3,13,2,Yes,55+
524,36,Research & Development,Research Director,Female,Single,Life Sciences,4,Travel_Rarely,0,0,4,0,7673,15,1,1,4,2,1,3,No,6,0,9,20,Yes,36-45
525,29,Research & Development,Manager,Male,Single,Life Sciences,3,Travel_Frequently,13,8,14,3,12333,17,0,3,4,3,2,3,No,0,6,27,25,No,26-35
526,26,Sales,Sales Executive,Male,Single,Medical,3,Travel_Rarely,6,2,7,4,6390,12,0,2,4,1,1,3,No,5,6,8,20,No,26-35
527,24,Sales,Sales Representative,Female,Divorced,Life Sciences,1,Travel_Frequently,6,3,1,4,3203,25,3,2,4,3,1,3,No,0,3,16,7,Yes,18-25
528,45,Sales,Sales Executive,Female,Married,Life Sciences,5,Travel_Frequently,13,10,11,5,4862,16,2,2,3,3,2,3,Yes,2,4,25,11,Yes,36-45
529,31,Sales,Sales Executive,Female,Married,Life Sciences,5,Travel_Frequently,4,3,10,3,6948,12,1,2,3,3,4,3,No,3,9,8,5,No,26-35
530,48,Research & Development,Manufacturing Director,Male,Single,Life Sciences,3,Travel_Rarely,3,2,13,1,8193,25,0,1,3,2,4,3,No,3,6,4,29,Yes,46-55
531,36,Research & Development,Laboratory Technician,Female,Married,Technical Degree,1,Travel_Rarely,12,7,2,7,4064,23,1,4,4,3,2,3,No,4,5,14,18,No,36-45
532,33,Research & Development,Laboratory Technician,Male,Divorced,Life Sciences,1,Travel_Rarely,8,5,5,2,3417,20,2,1,1,3,4,3,No,4,3,15,8,Yes,26-35
533,22,Sales,Manager,Female,Divorced,Life Sciences,1,Travel_Rarely,17,9,11,8,11866,15,0,3,2,4,1,3,No,6,3,27,27,No,18-25
534,52,Research & Development,Laboratory Technician,Female,Married,Medical,4,Travel_Rarely,16,6,6,12,3911,14,1,1,4,3,3,3,No,0,1,20,26,No,46-55
535,29,Research & Development,Manager,Male,Single,Technical Degree,5,Non-Travel,2,1,3,0,7323,21,3,1,1,1,2,3,No,5,9,15,10,No,26-35
536,42,Sales,Sales Executive,Male,Single,Life Sciences,5,Non-Travel,3,2,13,1,4883,20,0,3,2,4,1,3,No,5,1,5,2,No,36-45
537,38,Human Resources,Human Resources,Male,Single,Life Sciences,4,Travel_Rarely,1,0,14,0,4539,15,0,2,4,2,2,3,No,1,3,5,3,No,36-45
538,53,Research & Development,Manufacturing Director,Female,Single,Life Sciences,2,Travel_Rarely,6,5,0,1,10845,12,0,3,2,4,3,3,No,0,4,14,26,Yes,46-55
539,40,Sales,Sales Representative,Male,Single,Marketing,4,Travel_Rarely,2,1,6,0,3014,18,0,3,3,2,1,3,No,5,3,4,23,Yes,36-45
540,33,Research & Development,Manager,Female,Single,Medical,1,Travel_Rarely,9,3,11,3,10446,18,3,4,3,2,1,3,No,4,2,20,5,No,26-35
541,56,Research & Development,Research Scientist,Male,Married,Technical Degree,4,Travel_Rarely,0,0,8,0,5397,16,2,4,3,1,3,4,No,4,1,14,16,No,55+
542,59,Research & Development,Research Scientist,Female,Divorced,Other,1,Travel_Rarely,0,0,0,0,7334,13,2,2,1,3,3,3,Yes,4,3,9,10,Yes,55+
543,56,Research & Development,Research Director,Female,Married,Technical Degree,3,Travel_Rarely,1,0,13,0,11961,14,1,3,3,1,4,3,No,0,4,7,11,No,55+
544,31,Research & Development,Research Director,Male,Divorced,Medical,1,Travel_Rarely,0,0,0,0,9707,11,3,3,1,4,1,4,Yes,3,0,7,19,Yes,26-35
545,48,Research & Development,Research Scientist,Male,Married,Medical,5,Travel_Rarely,5,4,0,1,4951,19,3,3,3,2,3,4,Yes,6,0,9,16,No,46-55
546,22,Research & Development,Manufacturing Director,Male,Single,Life Sciences,4,Non-Travel,0,0,9,0,6455,20,1,1,3,4,3,3,Yes,1,5,2,12,Yes,18-25
547,52,Research & Development,Healthcare Representative,Female,Married,Other,1,Travel_Rarely,1,0,6,0,6097,15,3,4,3,2,1,3,Yes,1,4,11,2,Yes,46-55
548,40,Research & Development,Healthcare Representative,Female,Single,Life Sciences,2,Travel_Rarely,0,0,10,0,5427,24,3,4,1,4,4,4,No,4,3,5,11,Yes,36-45
549,46,Research & Development,Manager,Male,Married,Life Sciences,3,Travel_Rarely,9,8,8,7,8899,18,0,2,2,2,2,3,No,2,0,21,22,No,46-55
550,60,Research & Development,Research Scientist,Female,Married,Medical,2,Travel_Rarely,10,8,2,3,7652,13,0,4,1,1,4,3,No,0,6,21,26,No,55+
551,28,Sales,Sales Executive,Male,Divorced,Life Sciences,2,Travel_Rarely,1,0,7,0,5398,14,0,4,4,2,3,3,No,5,3,3,1,No,26-35
552,35,Sales,Manager,Male,Single,Medical,2,Non-Travel,8,5,8,3,11249,14,3,2,4,3,2,3,Yes,5,2,16,24,No,26-35
553,29,Research & Development,Research Scientist,Female,Single,Medical,3,Travel_Frequently,3,2,2,0,4985,18,3,3,1,1,2,4,No,6,6,4,5,Yes,26-35
554,26,Research & Development,Manufacturing Director,Male,Divorced,Medical,3,Non-Travel,1,0,11,0,6464,25,2,1,1,3,4,3,No,3,1,13,21,Yes,26-35
555,27,Sales,Sales Executive,Male,Single,Technical Degree,3,Travel_Frequently,5,1,11,3,5252,22,0,2,2,4,2,3,Yes,4,9,7,14,No,26-35
556,34,Sales,Sales Executive,Male,Married,Life Sciences,3,Travel_Rarely,1,0,2,0,5996,19,1,4,1,4,3,3,Yes,2,0,7,18,No,26-35
557,55,Sales,Manager,Male,Married,Medical,2,Travel_Rarely,8,5,14,3,9935,13,3,2,3,2,1,3,No,4,3,21,7,No,46-55
558,24,Human Resources,Manager,Male,Divorced,Medical,5,Travel_Rarely,0,0,0,0,12008,17,0,4,2,2,1,3,Yes,2,7,13,5,No,18-25
559,30,Research & Development,Laboratory Technician,Male,Divorced,Medical,5,Non-Travel,19,6,1,16,3393,19,2,3,1,4,1,4,No,1,5,28,8,No,26-35
560,57,Human Resources,Manager,Female,Divorced,Marketing,3,Travel_Rarely,0,0,6,0,8879,12,0,3,1,1,4,3,Yes,2,8,7,21,No,55+
561,59,Research & Development,Manufacturing Director,Male,Single,Life Sciences,4,Non-Travel,5,2,2,1,10797,14,2,3,4,3,1,3,Yes,1,0,9,15,No,55+
562,26,Research & Development,Manager,Male,Divorced,Medical,1,Travel_Rarely,13,9,6,10,9396,13,2,4,2,4,1,3,Yes,1,0,17,25,No,26-35
563,44,Research & Development,Research Scientist,Male,Married,Life Sciences,4,Travel_Rarely,0,0,4,0,5289,18,3,2,4,1,1,3,No,0,4,4,5,Yes,36-45
564,19,Research & Development,Laboratory Technician,Male,Married,Human Resources,4,Travel_Rarely,4,1,9,1,2747,14,2,4,1,3,2,3,Yes,6,5,7,13,Yes,18-25
565,22,Sales,Manager,Female,Single,Life Sciences,4,Travel_Rarely,2,0,7,0,11483,19,2,3,2,2,2,3,Yes,2,7,10,19,Yes,18-25
566,46,Research & Development,Healthcare Representative,Female,Married,Marketing,5,Travel_Frequently,5,2,4,2,6734,11,1,3,3,1,2,3,No,3,2,10,29,Yes,46-55
567,54,Research & Development,Manager,Male,Divorced,Life Sciences,1,Travel_Rarely,1,0,2,0,7379,11,2,3,1,1,3,3,No,3,5,13,2,No,46-55
568,55,Research & Development,Research Scientist,Female,Divorced,Life Sciences,4,Non-Travel,0,0,8,0,5583,14,1,4,1,4,3,3,No,2,2,11,5,No,46-55
569,36,Human Resources,Human Resources,Male,Married,Medical,3,Travel_Rarely,5,4,14,4,4999,13,1,1,4,3,3,3,No,6,7,17,26,No,36-45
570,25,Research & Development,Laboratory Technician,Male,Single,Technical Degree,5,Travel_Rarely,3,2,6,0,4377,13,0,3,3,4,1,3,No,0,3,10,29,No,18-25
571,18,Research & Development,Manufacturing Director,Male,Married,Medical,3,Travel_Rarely,5,4,4,2,8213,20,0,2,1,2,2,3,Yes,3,1,12,26,Yes,18-25
572,39,Sales,Sales Executive,Male,Divorced,Human Resources,3,Travel_Rarely,1,0,6,0,6616,22,3,3,4,2,3,3,No,4,8,5,5,No,36-45
573,34,Research & Development,Healthcare Representative,Male,Married,Medical,4,Travel_Rarely,2,0,10,1,5388,12,3,4,4,3,4,3,No,3,9,13,6,No,26-35
574,24,Research & Development,Research Scientist,Female,Married,Medical,3,Travel_Frequently,4,1,9,3,4992,24,3,2,1,3,2,3,No,0,7,12,16,No,18-25
575,42,Sales,Sales Executive,Male,Single,Life Sciences,1,Travel_Rarely,5,2,8,2,4010,20,2,4,2,3,1,3,No,1,5,6,2,No,36-45
576,21,Sales,Sales Representative,Female,Married,Technical Degree,3,Travel_Frequently,2,1,4,0,3493,20,0,1,1,4,2,3,Yes,1,2,15,5,Yes,18-25
577,53,Research & Development,Manager,Male,Married,Life Sciences,4,Travel_Frequently,1,0,6,0,9243,12,2,1,3,3,1,3,No,1,1,8,15,No,46-55
578,23,Sales,Sales Executive,Male,Divorced,Human Resources,3,Travel_Rarely,1,0,10,0,6835,18,0,4,1,3,3,3,No,0,3,3,1,No,18-25
579,48,Research & Development,Manufacturing Director,Female,Married,Human Resources,5,Travel_Rarely,1,0,8,0,7389,11,2,3,2,4,1,4,No,1,3,7,19,Yes,46-55
580,36,Human Resources,Human Resources,Male,Single,Other,5,Non-Travel,2,1,0,0,4117,24,3,2,4,2,1,3,No,6,0,14,3,No,36-45
581,56,Research & Development,Research Scientist,Male,Married,Medical,5,Travel_Rarely,1,0,3,0,4483,25,0,3,3,2,4,3,No,1,8,9,19,No,55+
582,44,Sales,Manager,Female,Single,Medical,2,Travel_Rarely,6,2,0,3,11323,18,0,4,3,1,2,3,Yes,0,9,19,15,Yes,36-45
583,27,Research & Development,Healthcare Representative,Female,Divorced,Marketing,5,Travel_Rarely,5,1,7,1,7015,20,1,4,3,2,1,3,No,4,7,15,3,No,26-35
584,43,Sales,Manager,Female,Married,Life Sciences,5,Non-Travel,2,1,2,1,8484,13,0,3,3,3,4,3,No,3,6,6,8,No,36-45
585,36,Sales,Sales Executive,Female,Married,Medical,2,Travel_Rarely,2,1,1,0,5286,12,0,2,2,2,4,4,Yes,0,5,16,15,No,36-45
586,56,Research & Development,Research Scientist,Female,Married,Life Sciences,5,Non-Travel,1,0,13,0,4802,19,2,2,2,4,4,3,No,0,2,11,1,Yes,55+
587,20,Research & Development,Manufacturing Director,Female,Married,Medical,4,Travel_Rarely,4,3,3,1,8592,15,3,2,2,2,3,3,No,2,3,11,6,Yes,18-25
588,30,Research & Development,Laboratory Technician,Male,Married,Life Sciences,5,Non-Travel,15,9,10,12,2816,25,1,2,2,2,3,3,No,1,1,18,22,Yes,26-35
589,45,Research & Development,Research Director,Male,Married,Life Sciences,5,Travel_Rarely,6,2,2,2,10583,24,2,2,4,1,1,3,Yes,5,6,20,17,No,36-45
590,37,Sales,Sales Representative,Male,Single,Life Sciences,2,Travel_Rarely,8,4,10,5,4342,15,0,1,1,1,2,3,No,4,1,21,16,Yes,36-45
591,45,Sales,Sales Executive,Male,Single,Medical,4,Non-Travel,10,8,4,3,5660,23,2,1,2,3,3,3,Yes,5,9,10,13,No,36-45
592,25,Research & Development,Manufacturing Director,Female,Single,Medical,3,Travel_Rarely,2,1,14,1,7577,16,3,4,1,4,3,4,No,2,0,2,1,Yes,18-25
593,58,Research & Development,Manufacturing Director,Female,Married,Life Sciences,1,Travel_Rarely,0,0,12,0,8098,14,1,1,3,3,1,3,No,4,5,5,3,Yes,55+
594,56,Research & Development,Research Director,Male,Single,Medical,4,Travel_Rarely,5,3,7,2,11239,17,2,2,4,4,1,3,No,1,3,12,24,No,55+
595,18,Sales,Manager,Male,Married,Life Sciences,3,Non-Travel,1,0,9,0,10384,17,0,2,4,4,3,3,Yes,5,7,10,6,Yes,18-25
596,20,Research & Development,Manager,Female,Divorced,Medical,4,Travel_Rarely,5,1,7,3,7938,21,2,2,1,1,1,3,No,1,0,6,20,No,18-25
597,30,Sales,Sales Representative,Male,Divorced,Medical,3,Travel_Rarely,8,7,10,4,4574,19,0,4,1,2,4,3,No,1,8,18,21,Yes,26-35
598,45,Sales,Sales Executive,Female,Married,Medical,3,Travel_Rarely,9,3,6,2,5425,16,1,4,1,2,1,3,No,3,5,12,26,No,36-45
599,42,Research & Development,Manager,Male,Married,Marketing,4,Non-Travel,2,1,7,0,8076,23,1,3,4,1,4,3,No,4,1,4,3,Yes,36-45
600,50,Sales,Sales Representative,Male,Single,Life Sciences,2,Travel_Rarely,4,1,12,2,3057,11,2,1,2,3,3,4,No,4,7,16,15,No,46-55
601,55,Sales,Sales Executive,Male,Married,Marketing,4,Travel_Rarely,5,3,12,1,6896,19,1,1,4,2,2,3,No,2,4,13,15,No,46-55
602,23,Research & Development,Research Director,Male,Divorced,Medical,4,Travel_Rarely,10,6,4,3,9204,22,3,3,2,3,4,3,No,0,4,12,11,No,18-25
603,49,Research & Development,Manufacturing Director,Female,Single,Medical,3,Travel_Rarely,8,4,9,2,10761,23,2,3,3,2,2,3,No,1,4,18,27,Yes,46-55
604,38,Research & Development,Healthcare Representative,Female,Married,Medical,1,Travel_Rarely,26,23,9,9,5441,20,0,1,2,3,3,3,No,1,6,33,22,Yes,36-45
605,33,Sales,Manager,Female,Divorced,Life Sciences,3,Travel_Rarely,0,0,10,0,9283,19,2,2,1,4,1,4,No,5,6,13,6,Yes,26-35
606,38,Sales,Sales Representative,Male,Divorced,Medical,5,Travel_Rarely,3,2,11,1,4271,15,0,1,2,4,4,4,No,2,9,9,6,No,36-45
607,28,Sales,Sales Executive,Male,Single,Medical,4,Travel_Rarely,1,0,10,0,4029,17,1,2,2,2,4,4,No,4,6,1,9,Yes,26-35
608,54,Sales,Sales Executive,Female,Married,Life Sciences,4,Travel_Rarely,0,0,12,0,5014,11,0,4,4,3,3,3,Yes,3,9,7,14,No,46-55
609,53,Research & Development,Research Scientist,Female,Single,Life Sciences,2,Travel_Rarely,14,5,5,11,5398,14,0,1,1,3,3,4,No,4,1,22,26,No,46-55
610,52,Research & Development,Manufacturing Director,Male,Single,Life Sciences,3,Travel_Rarely,37,16,7,24,10566,22,0,1,3,4,1,4,Yes,3,7,40,29,No,46-55
611,36,Research & Development,Healthcare Representative,Male,Divorced,Human Resources,2,Travel_Rarely,1,0,14,0,5810,20,0,4,2,3,2,3,No,3,0,10,11,No,36-45
612,37,Research & Development,Research Scientist,Female,Divorced,Marketing,4,Travel_Rarely,0,0,12,0,5603,14,3,4,3,1,4,3,No,4,1,9,24,No,36-45
613,35,Research & Development,Healthcare Representative,Male,Married,Life Sciences,3,Travel_Rarely,1,0,0,0,4990,15,0,4,1,3,2,3,No,5,6,1,6,No,26-35
614,58,Research & Development,Manufacturing Director,Male,Single,Life Sciences,3,Travel_Rarely,10,4,5,4,9234,16,2,4,2,4,4,3,No,1,3,24,18,No,55+
615,31,Research & Development,Manager,Male,Divorced,Medical,5,Travel_Rarely,2,1,5,0,8019,14,3,4,4,1,4,3,Yes,3,9,12,20,Yes,26-35
616,32,Research & Development,Healthcare Representative,Male,Married,Technical Degree,5,Travel_Rarely,0,0,14,0,4928,16,0,3,3,1,1,3,No,5,9,12,15,Yes,26-35
617,48,Research & Development,Manager,Female,Married,Life Sciences,1,Travel_Rarely,0,0,10,0,8785,20,0,3,4,3,4,3,No,2,8,10,22,No,46-55
618,18,Sales,Manager,Female,Married,Life Sciences,5,Travel_Rarely,3,2,12,2,10482,17,0,4,3,4,4,3,No,2,8,9,9,No,18-25
619,20,Research & Development,Manufacturing Director,Male,Single,Human Resources,3,Travel_Frequently,16,7,4,11,8191,13,3,4,1,4,3,3,No,3,2,28,11,No,18-25
620,33,Human Resources,Manager,Male,Married,Life Sciences,5,Travel_Rarely,2,1,3,1,9931,19,0,4,2,4,1,3,No,1,2,10,2,Yes,26-35
621,40,Sales,Manager,Male,Married,Life Sciences,1,Travel_Rarely,3,1,0,2,10712,18,0,4,3,1,3,3,No,3,8,16,6,No,36-45
622,28,Sales,Manager,Male,Single,Other,4,Travel_Rarely,0,0,10,0,12363,11,0,2,4,4,4,4,No,2,9,4,26,No,26-35
623,29,Research & Development,Laboratory Technician,Male,Single,Medical,5,Travel_Rarely,4,2,9,2,4028,23,1,2,3,1,1,4,No,6,7,5,27,No,26-35
624,27,Research & Development,Research Scientist,Female,Single,Life Sciences,3,Travel_Rarely,7,5,10,3,5737,12,2,4,3,1,4,4,No,2,0,20,26,No,26-35
625,49,Research & Development,Research Director,Male,Single,Life Sciences,4,Travel_Frequently,1,0,7,0,11865,12,0,4,3,2,1,3,Yes,4,5,8,26,Yes,46-55
626,33,Research & Development,Research Director,Male,Married,Life Sciences,3,Travel_Rarely,2,0,5,0,13013,20,2,1,3,3,2,3,No,6,6,16,23,Yes,26-35
627,25,Sales,Manager,Male,Divorced,Life Sciences,4,Non-Travel,11,4,2,5,9896,19,1,4,3,4,2,3,No,1,7,19,14,No,18-25
628,55,Research & Development,Laboratory Technician,Male,Single,Human Resources,3,Non-Travel,0,0,11,0,3348,22,1,4,3,1,1,3,No,4,1,6,14,Yes,46-55
629,29,Research & Development,Manager,Male,Single,Medical,5,Travel_Rarely,6,2,2,2,7621,19,0,3,4,3,4,4,No,6,0,17,24,No,26-35
630,41,Research & Development,Manufacturing Director,Male,Married,Marketing,5,Travel_Frequently,3,2,11,2,10683,19,2,2,3,1,1,3,No,5,3,15,13,No,36-45
631,45,Research & Development,Research Scientist,Female,Divorced,Human Resources,1,Non-Travel,2,0,5,0,5213,11,3,4,3,3,4,3,No,6,0,6,25,No,36-45
632,25,Sales,Sales Executive,Male,Married,Life Sciences,4,Travel_Rarely,6,4,11,1,4191,17,0,2,3,1,2,3,Yes,5,1,13,5,No,18-25
633,45,Sales,Manager,Male,Married,Life Sciences,1,Travel_Rarely,10,3,14,7,10100,25,3,2,2,4,4,4,No,5,2,24,9,No,36-45
634,53,Sales,Sales Representative,Female,Married,Medical,2,Travel_Rarely,4,1,6,2,4576,22,1,1,1,2,3,3,Yes,6,3,9,25,No,46-55
635,43,Research & Development,Manufacturing Director,Female,Single,Human Resources,5,Travel_Rarely,0,0,7,0,8351,21,1,2,1,2,2,3,No,6,5,11,29,Yes,36-45
636,25,Sales,Sales Representative,Male,Single,Technical Degree,4,Travel_Rarely,3,2,4,1,4444,23,2,2,1,2,3,3,No,0,7,6,11,Yes,18-25
637,45,Research & Development,Manufacturing Director,Female,Married,Life Sciences,1,Non-Travel,3,1,9,1,10414,13,3,4,4,1,2,3,No,6,8,3,7,Yes,36-45
638,45,Research & Development,Manufacturing Director,Male,Married,Marketing,1,Travel_Rarely,4,1,5,3,8581,21,3,3,4,3,2,3,No,5,3,9,2,No,36-45
639,54,Sales,Sales Representative,Male,Married,Medical,2,Travel_Rarely,6,4,11,3,4041,19,0,4,4,4,3,4,No,3,0,13,24,No,46-55
640,58,Sales,Sales Executive,Male,Married,Human Resources,1,Travel_Rarely,0,0,0,0,5601,18,2,4,3,4,1,3,No,4,4,2,12,No,55+
641,53,Sales,Sales Executive,Female,Married,Life Sciences,3,Travel_Rarely,4,2,5,2,6817,13,2,3,1,1,4,3,No,5,4,15,5,No,46-55
642,44,Research & Development,Research Director,Female,Single,Medical,5,Travel_Rarely,5,3,8,4,11735,11,3,3,3,2,2,4,Yes,1,8,11,29,Yes,36-45
643,34,Sales,Sales Representative,Male,Married,Technical Degree,1,Non-Travel,2,1,9,1,4743,19,1,1,2,1,4,3,No,6,5,14,27,No,26-35
644,26,Research & Development,Healthcare Representative,Male,Single,Medical,1,Travel_Rarely,6,2,3,4,4846,23,2,3,1,3,2,4,No,5,4,17,24,No,26-35
645,50,Research & Development,Manufacturing Director,Female,Single,Medical,2,Travel_Rarely,1,0,13,0,7889,20,1,4,2,2,4,4,No,3,9,7,2,Yes,46-55
646,37,Research & Development,Healthcare Representative,Male,Married,Life Sciences,3,Travel_Rarely,2,1,13,1,4381,11,0,3,2,1,2,3,No,6,9,10,14,No,36-45
647,30,Research & Development,Manufacturing Director,Male,Divorced,Life Sciences,1,Travel_Rarely,19,6,9,13,8799,25,2,3,3,3,1,3,No,3,4,19,7,No,26-35
648,45,Research & Development,Research Director,Female,Divorced,Life Sciences,5,Non-Travel,2,1,12,1,12581,13,2,3,1,2,2,3,No,3,7,6,5,No,36-45
649,46,Human Resources,Human Resources,Female,Married,Other,5,Travel_Rarely,2,0,0,0,3984,23,0,2,2,4,1,4,No,3,0,9,4,No,46-55
650,30,Sales,Sales Representative,Female,Single,Life Sciences,1,Non-Travel,5,4,13,4,3069,16,2,1,1,3,2,4,No,3,4,17,10,Yes,26-35
651,52,Sales,Sales Executive,Female,Single,Medical,3,Travel_Frequently,21,15,10,13,4205,16,3,2,2,4,4,3,No,1,0,33,29,Yes,46-55
652,23,Research & Development,Healthcare Representative,Male,Divorced,Medical,5,Non-Travel,24,10,8,19,5556,24,3,2,2,3,3,3,Yes,0,6,26,16,No,18-25
653,35,Human Resources,Human Resources,Female,Married,Life Sciences,5,Travel_Rarely,5,1,3,2,3593,21,0,1,3,2,2,3,No,2,6,9,6,No,26-35
654,22,Research & Development,Research Director,Female,Married,Medical,3,Non-Travel,0,0,1,0,9572,20,1,2,1,1,2,4,No,0,9,13,21,No,18-25
655,42,Sales,Sales Representative,Male,Divorced,Marketing,3,Non-Travel,13,8,0,5,4521,14,1,3,3,1,1,3,Yes,2,7,13,6,Yes,36-45
656,19,Sales,Sales Executive,Male,Married,Technical Degree,1,Travel_Rarely,5,4,2,2,5152,12,2,1,3,1,4,3,No,4,6,13,9,Yes,18-25
657,27,Human Resources,Manager,Male,Divorced,Medical,4,Travel_Rarely,2,0,6,1,10493,23,1,2,3,1,1,3,No,6,8,5,1,Yes,26-35
658,47,Sales,Manager,Male,Single,Medical,2,Non-Travel,10,4,10,5,9911,20,1,4,3,3,4,3,No,3,7,14,29,Yes,46-55
659,22,Research & Development,Research Scientist,Female,Married,Life Sciences,4,Non-Travel,3,1,9,1,6771,16,0,2,3,1,4,4,Yes,4,7,5,16,Yes,18-25
660,50,Research & Development,Manager,Female,Divorced,Other,4,Non-Travel,0,0,1,0,8043,20,1,4,2,1,1,3,Yes,4,2,13,27,No,46-55
661,18,Research & Development,Laboratory Technician,Male,Single,Life Sciences,5,Travel_Rarely,10,5,14,3,4327,15,1,3,1,3,3,3,Yes,6,9,11,17,No,18-25
662,35,Research & Development,Research Scientist,Male,Married,Marketing,3,Travel_Rarely,4,2,8,1,6523,23,1,4,1,3,4,3,No,2,3,15,13,No,26-35
663,49,Research & Development,Manufacturing Director,Female,Single,Life Sciences,5,Non-Travel,2,1,11,1,7700,16,3,2,3,2,3,3,No,1,3,15,6,No,46-55
664,28,Sales,Sales Representative,Male,Divorced,Human Resources,2,Travel_Rarely,1,0,12,0,3058,17,3,2,1,3,1,3,Yes,3,0,7,2,Yes,26-35
665,38,Research & Development,Healthcare Representative,Male,Single,Marketing,1,Travel_Rarely,5,4,10,3,4627,21,0,2,2,4,3,3,No,5,5,15,8,No,36-45
666,43,Research & Development,Manufacturing Director,Male,Married,Marketing,2,Travel_Rarely,1,0,1,0,10156,19,2,1,3,2,4,3,No,6,1,5,23,Yes,36-45
667,42,Research & Development,Laboratory Technician,Male,Single,Life Sciences,5,Travel_Frequently,2,1,4,1,3689,22,0,1,4,2,1,4,Yes,6,8,12,22,Yes,36-45
668,39,Sales,Sales Representative,Male,Married,Medical,5,Travel_Rarely,6,5,7,2,3599,22,2,2,4,1,3,3,No,4,0,15,4,No,36-45
669,44,Human Resources,Human Resources,Male,Single,Medical,5,Non-Travel,12,4,12,6,3998,24,2,2,2,1,1,4,Yes,0,0,25,9,Yes,36-45
670,30,Research & Development,Research Director,Male,Single,Marketing,5,Travel_Rarely,4,1,12,3,12477,17,1,3,2,4,1,3,Yes,3,9,6,23,No,26-35
671,50,Sales,Sales Executive,Male,Married,Life Sciences,4,Travel_Rarely,8,2,11,4,6624,14,1,1,4,1,3,3,No,1,5,22,7,No,46-55
672,51,Sales,Sales Executive,Male,Divorced,Other,1,Travel_Frequently,8,5,9,1,5743,20,0,1,3,3,4,3,No,3,0,9,21,No,46-55
673,58,Research & Development,Research Director,Male,Single,Human Resources,4,Travel_Rarely,6,5,7,4,10589,15,0,1,2,3,4,3,No,5,2,15,1,Yes,55+
674,52,Research & Development,Manager,Female,Single,Life Sciences,5,Travel_Rarely,1,0,2,0,11608,25,0,4,4,1,4,3,No,5,9,6,14,No,46-55
675,18,Research & Development,Manager,Female,Married,Technical Degree,3,Travel_Rarely,12,8,1,3,11246,23,3,2,3,1,4,3,No,4,1,21,2,No,18-25
676,38,Sales,Manager,Male,Married,Medical,4,Travel_Rarely,3,1,8,2,9361,16,3,3,2,3,2,3,No,0,8,8,8,No,36-45
677,23,Sales,Manager,Male,Divorced,Medical,5,Travel_Rarely,0,0,2,0,7646,23,3,3,1,2,1,3,No,4,4,2,11,No,18-25
678,45,Research & Development,Manager,Female,Single,Life Sciences,5,Travel_Rarely,1,0,7,0,11349,19,3,2,1,4,1,3,No,1,5,15,5,No,36-45
679,34,Research & Development,Healthcare Representative,Male,Married,Medical,1,Non-Travel,8,2,1,4,4686,15,3,2,1,4,2,3,No,2,1,20,18,No,26-35
680,22,Research & Development,Research Director,Male,Single,Marketing,2,Travel_Rarely,0,0,2,0,7693,15,1,3,3,2,1,3,No,5,7,8,12,No,18-25
681,48,Human Resources,Human Resources,Female,Single,Medical,4,Travel_Rarely,0,0,0,0,5223,17,2,4,2,4,1,3,No,0,5,0,21,Yes,46-55
682,22,Human Resources,Manager,Female,Married,Medical,4,Non-Travel,7,6,13,2,10322,12,3,3,4,1,3,3,No,5,7,9,24,No,18-25
683,55,Human Resources,Manager,Female,Married,Marketing,4,Non-Travel,13,11,10,8,12014,13,0,4,2,1,2,4,No,1,7,25,20,No,46-55
684,20,Research & Development,Laboratory Technician,Male,Married,Marketing,5,Travel_Rarely,6,4,5,5,3490,22,2,4,1,1,1,3,No,1,0,6,19,No,18-25
685,40,Research & Development,Research Scientist,Female,Single,Life Sciences,1,Travel_Rarely,1,0,12,0,7457,12,3,1,1,4,1,4,Yes,5,6,7,5,No,36-45
686,54,Research & Development,Research Scientist,Male,Married,Technical Degree,5,Travel_Rarely,0,0,6,0,5568,20,3,2,3,2,2,3,No,4,1,1,29,No,46-55
687,54,Research & Development,Laboratory Technician,Female,Married,Medical,5,Non-Travel,5,3,3,4,3951,20,1,1,4,1,2,4,No,5,7,15,7,Yes,46-55
688,27,Research & Development,Manager,Male,Divorced,Life Sciences,3,Travel_Rarely,0,0,0,0,8825,22,1,4,3,2,3,3,Yes,4,1,10,2,No,26-35
689,27,Sales,Sales Executive,Male,Single,Life Sciences,1,Travel_Rarely,5,3,2,1,4003,24,1,3,4,3,3,3,No,5,3,16,17,Yes,26-35
690,36,Research & Development,Laboratory Technician,Female,Single,Medical,4,Travel_Rarely,1,0,8,0,3289,12,3,1,2,3,4,3,No,4,1,4,13,Yes,36-45
691,34,Sales,Sales Executive,Male,Married,Human Resources,2,Travel_Rarely,14,11,4,9,6213,13,1,3,3,3,4,3,No,2,6,17,11,No,26-35
692,38,Research & Development,Laboratory Technician,Male,Married,Life Sciences,4,Travel_Rarely,3,1,5,2,2848,16,3,4,3,4,3,4,No,3,4,16,5,Yes,36-45
693,31,Research & Development,Manager,Female,Single,Marketing,5,Travel_Rarely,1,0,3,0,9925,15,2,3,3,4,1,3,No,3,8,13,13,No,26-35
694,26,Research & Development,Laboratory Technician,Male,Divorced,Life Sciences,1,Travel_Frequently,11,6,0,9,2967,21,2,1,1,1,2,3,No,4,4,18,29,No,26-35
695,18,Sales,Sales Executive,Male,Single,Medical,1,Travel_Frequently,1,0,13,0,4223,25,3,4,1,3,3,3,Yes,4,7,11,23,No,18-25
696,30,Human Resources,Manager,Male,Divorced,Other,1,Travel_Rarely,2,1,4,0,10534,24,0,2,4,2,4,3,No,6,1,5,13,No,26-35
697,21,Research & Development,Manager,Female,Single,Marketing,3,Travel_Rarely,10,4,4,3,12340,23,3,1,2,4,2,3,No,6,2,12,8,No,18-25
698,18,Sales,Sales Executive,Female,Married,Life Sciences,4,Travel_Rarely,2,1,4,1,4932,15,2,1,3,2,4,3,No,2,5,11,11,No,18-25
699,57,Sales,Sales Executive,Male,Divorced,Medical,3,Travel_Rarely,3,1,14,0,5741,12,2,2,1,2,1,3,No,3,6,14,8,No,55+
700,49,Sales,Sales Representative,Female,Single,Life Sciences,2,Non-Travel,2,1,5,1,4802,12,3,4,3,1,1,3,No,2,9,4,10,Yes,46-55
701,51,Sales,Sales Representative,Male,Divorced,Life Sciences,5,Travel_Rarely,0,0,10,0,4166,22,3,2,4,1,4,3,No,6,7,4,25,No,46-55
702,45,Human Resources,Manager,Female,Married,Marketing,3,Travel_Rarely,0,0,1,0,10834,11,3,1,4,2,2,3,No,6,2,5,27,No,36-45
703,48,Research & Development,Research Scientist,Male,Divorced,Marketing,3,Travel_Rarely,7,6,0,4,4990,13,2,4,2,2,4,3,Yes,1,6,13,11,Yes,46-55
704,25,Research & Development,Research Scientist,Male,Married,Life Sciences,5,Travel_Frequently,6,3,14,2,6025,22,0,3,4,2,2,3,Yes,5,7,18,28,Yes,18-25
705,56,Research & Development,Manufacturing Director,Female,Single,Human Resources,1,Non-Travel,1,0,1,0,8161,22,3,1,3,2,3,3,No,6,9,5,1,No,55+
706,43,Sales,Sales Executive,Male,Single,Medical,5,Non-Travel,2,0,12,0,5412,21,2,3,2,3,4,4,Yes,3,5,8,7,No,36-45
707,51,Research & Development,Research Director,Male,Single,Life Sciences,4,Travel_Rarely,17,13,9,11,12164,24,3,2,2,2,4,3,No,4,3,20,26,No,46-55
708,20,Sales,Manager,Male,Single,Medical,5,Travel_Rarely,26,18,5,18,9687,17,2,4,1,4,2,4,No,0,5,30,8,Yes,18-25
709,29,Research & Development,Manufacturing Director,Female,Single,Medical,1,Non-Travel,3,1,4,2,6701,21,3,2,3,1,3,3,No,6,8,8,6,No,26-35
710,18,Human Resources,Human Resources,Male,Single,Medical,5,Travel_Frequently,9,3,14,7,5373,15,2,3,4,4,2,4,No,1,2,17,26,Yes,18-25
711,22,Research & Development,Laboratory Technician,Male,Married,Medical,3,Travel_Rarely,8,3,4,2,3606,17,3,1,1,1,2,3,No,5,1,13,14,Yes,18-25
712,47,Research & Development,Laboratory Technician,Male,Divorced,Medical,2,Travel_Rarely,2,1,11,0,4335,19,1,4,3,1,4,3,No,0,4,11,28,No,46-55
713,47,Sales,Sales Executive,Male,Single,Life Sciences,3,Travel_Rarely,0,0,11,0,5717,16,3,2,3,1,4,3,Yes,2,6,13,20,Yes,46-55
714,34,Sales,Manager,Male,Single,Technical Degree,2,Travel_Rarely,0,0,14,0,7576,12,2,3,2,4,2,3,No,5,2,10,7,No,26-35
715,40,Sales,Sales Representative,Female,Married,Medical,5,Travel_Rarely,10,5,5,8,3961,11,3,3,2,1,1,4,Yes,2,4,10,3,No,36-45
716,32,Research & Development,Research Director,Female,Single,Life Sciences,4,Travel_Rarely,7,5,13,2,10881,11,0,1,3,2,1,3,Yes,2,3,18,2,No,26-35
717,54,Sales,Sales Representative,Male,Single,Marketing,5,Non-Travel,6,4,9,4,3250,20,3,3,1,2,1,3,No,4,6,16,22,Yes,46-55
718,38,Research & Development,Manager,Male,Single,Human Resources,1,Travel_Rarely,0,0,6,0,9743,19,3,4,2,3,4,3,No,2,1,6,18,No,36-45
719,31,Research & Development,Manager,Male,Divorced,Other,5,Non-Travel,6,4,8,1,9680,24,3,3,2,3,4,4,Yes,6,6,19,22,Yes,26-35
720,19,Research & Development,Laboratory Technician,Male,Divorced,Life Sciences,2,Non-Travel,8,5,6,5,3755,16,0,1,3,3,3,3,No,0,1,18,26,No,18-25
721,28,Sales,Manager,Female,Married,Life Sciences,3,Travel_Frequently,11,10,1,2,8601,16,0,2,3,2,4,3,No,1,2,23,3,No,26-35
722,56,Sales,Manager,Male,Married,Medical,4,Travel_Rarely,0,0,5,0,10341,14,0,4,2,4,3,3,Yes,6,4,10,14,Yes,55+
723,55,Human Resources,Human Resources,Male,Married,Life Sciences,5,Travel_Rarely,6,4,8,3,3778,22,1,2,1,3,4,3,No,4,6,8,18,No,46-55
724,51,Research & Development,Manufacturing Director,Female,Married,Human Resources,5,Travel_Rarely,0,0,6,0,8542,24,0,2,2,2,1,4,No,1,5,5,13,No,46-55
725,55,Research & Development,Healthcare Representative,Male,Married,Life Sciences,3,Travel_Frequently,7,3,1,3,4542,12,1,3,3,1,1,3,No,2,6,8,8,Yes,46-55
726,51,Sales,Manager,Female,Married,Life Sciences,4,Travel_Rarely,6,4,2,3,7401,20,3,3,2,4,2,3,No,3,5,20,4,No,46-55
727,35,Human Resources,Manager,Male,Single,Life Sciences,5,Travel_Rarely,0,0,7,0,8931,13,1,1,3,4,2,3,Yes,5,0,13,15,Yes,26-35
728,47,Research & Development,Research Director,Female,Single,Life Sciences,5,Travel_Rarely,8,4,10,1,9165,13,3,3,2,2,3,4,Yes,4,4,19,12,No,46-55
729,32,Research & Development,Manufacturing Director,Female,Married,Technical Degree,2,Non-Travel,0,0,8,0,8353,18,1,3,3,2,3,3,Yes,2,0,6,14,Yes,26-35
730,44,Research & Development,Research Scientist,Female,Divorced,Medical,2,Travel_Rarely,10,4,3,3,7574,16,0,2,3,1,2,4,No,4,6,10,20,No,36-45
731,51,Sales,Sales Representative,Female,Married,Life Sciences,1,Travel_Rarely,1,0,8,0,3896,17,0,4,1,1,3,3,Yes,3,3,13,7,Yes,46-55
732,55,Research & Development,Research Director,Male,Divorced,Life Sciences,3,Travel_Rarely,7,4,1,3,10753,19,1,3,3,1,4,3,No,0,4,8,24,No,46-55
733,50,Research & Development,Research Director,Male,Divorced,Medical,4,Travel_Rarely,15,12,12,12,12967,11,1,4,2,4,1,3,Yes,6,0,23,12,No,46-55
734,41,Sales,Manager,Female,Single,Life Sciences,5,Travel_Frequently,2,1,10,0,12174,12,0,3,3,4,2,3,No,0,7,10,29,No,36-45
735,32,Human Resources,Manager,Male,Married,Medical,5,Travel_Rarely,4,1,4,0,11974,25,3,3,4,3,2,4,Yes,5,3,10,9,No,26-35
736,47,Research & Development,Manufacturing Director,Male,Married,Medical,1,Travel_Rarely,3,2,10,0,6870,19,3,1,2,3,4,3,No,0,2,4,10,Yes,46-55
737,59,Research & Development,Laboratory Technician,Male,Divorced,Marketing,5,Travel_Rarely,1,0,1,0,3777,15,3,3,1,3,3,3,No,6,0,5,8,Yes,55+
738,34,Sales,Sales Representative,Male,Divorced,Human Resources,3,Non-Travel,5,1,10,3,4497,14,3,1,2,4,2,4,No,6,3,8,20,No,26-35
739,22,Sales,Sales Executive,Male,Married,Human Resources,1,Travel_Rarely,8,5,0,2,6506,11,2,2,1,1,2,3,Yes,3,2,9,2,No,18-25
740,46,Research & Development,Laboratory Technician,Male,Single,Other,3,Travel_Rarely,14,11,12,10,3669,19,3,4,4,3,4,3,Yes,1,7,15,26,Yes,46-55
741,21,Research & Development,Manager,Female,Divorced,Life Sciences,1,Travel_Rarely,11,8,13,8,7294,21,2,3,1,1,1,3,No,3,8,20,16,No,18-25
742,27,Sales,Manager,Male,Single,Life Sciences,5,Travel_Rarely,4,1,4,2,12458,23,2,1,3,1,2,3,No,3,4,11,21,Yes,26-35
743,34,Research & Development,Manager,Male,Divorced,Life Sciences,1,Travel_Rarely,7,4,1,3,9749,19,0,2,4,1,2,4,No,2,8,11,23,No,26-35
744,27,Research & Development,Manufacturing Director,Male,Divorced,Human Resources,2,Non-Travel,9,5,13,4,8289,14,0,3,4,3,4,3,Yes,0,0,16,18,No,26-35
745,34,Sales,Sales Representative,Male,Married,Other,4,Travel_Rarely,4,3,12,1,3629,19,1,1,1,3,2,3,Yes,4,6,5,20,No,26-35
746,37,Research & Development,Research Scientist,Female,Married,Technical Degree,5,Travel_Rarely,0,0,6,0,5799,20,3,1,2,1,2,3,No,6,6,1,22,Yes,36-45
747,41,Sales,Sales Executive,Male,Married,Life Sciences,4,Travel_Rarely,3,2,7,0,4726,23,3,2,1,3,1,3,No,5,5,13,24,No,36-45
748,22,Human Resources,Manager,Male,Married,Other,5,Travel_Rarely,11,6,1,7,8967,11,0,3,1,2,2,3,No,1,3,21,10,No,18-25
749,51,Research & Development,Manager,Female,Single,Medical,4,Travel_Rarely,5,2,6,2,12520,25,0,3,4,3,4,3,No,6,8,7,29,No,46-55
750,23,Sales,Sales Executive,Male,Married,Life Sciences,2,Travel_Rarely,7,4,3,2,5104,15,0,4,3,1,1,3,No,4,2,17,6,No,18-25
751,19,Research & Development,Manufacturing Director,Male,Divorced,Medical,4,Travel_Rarely,1,0,0,0,8928,11,1,3,2,1,1,3,No,2,0,10,6,No,18-25
752,30,Research & Development,Research Director,Male,Divorced,Life Sciences,1,Travel_Rarely,20,8,10,6,12435,14,3,1,1,4,1,3,No,2,1,27,22,No,26-35
753,60,Research & Development,Manufacturing Director,Female,Single,Medical,4,Travel_Frequently,3,1,14,2,8931,22,1,4,3,4,3,3,No,1,2,17,20,No,55+
754,60,Research & Development,Research Director,Male,Divorced,Life Sciences,5,Travel_Rarely,6,5,2,1,9449,15,2,4,3,1,4,3,No,4,1,13,13,No,55+
755,28,Research & Development,Laboratory Technician,Male,Married,Medical,3,Travel_Rarely,0,0,10,0,3565,24,2,3,2,2,3,3,No,1,5,2,19,No,26-35
756,40,Sales,Sales Executive,Male,Single,Medical,4,Travel_Rarely,0,0,11,0,4342,21,3,4,3,4,2,3,No,1,6,0,17,Yes,36-45
757,33,Sales,Sales Executive,Male,Single,Technical Degree,4,Travel_Rarely,9,3,0,7,4390,13,0,1,1,1,1,4,No,0,4,15,2,No,26-35
758,48,Sales,Manager,Male,Single,Medical,4,Non-Travel,20,17,4,10,10948,12,0,1,4,4,3,3,Yes,4,4,23,18,Yes,46-55
759,28,Research & Development,Laboratory Technician,Male,Divorced,Medical,5,Travel_Rarely,2,1,14,1,4321,16,1,2,3,4,2,3,No,0,6,4,26,No,26-35
760,33,Research & Development,Research Scientist,Male,Married,Technical Degree,4,Travel_Rarely,0,0,12,0,6794,21,2,1,4,1,3,4,No,6,5,4,7,Yes,26-35
761,25,Research & Development,Laboratory Technician,Female,Married,Human Resources,5,Travel_Rarely,2,1,7,1,2703,23,2,2,2,3,1,3,No,0,7,13,27,No,18-25
762,21,Sales,Sales Executive,Female,Single,Life Sciences,5,Travel_Frequently,0,0,0,0,5208,13,3,4,2,2,2,3,Yes,6,8,5,14,Yes,18-25
763,57,Research & Development,Manufacturing Director,Male,Married,Medical,3,Travel_Rarely,1,0,13,0,6412,20,2,2,3,3,1,4,No,5,1,14,22,No,55+
764,21,Research & Development,Manager,Female,Single,Life Sciences,1,Travel_Rarely,8,4,8,4,9960,11,0,3,4,1,1,3,Yes,0,1,8,15,No,18-25
765,42,Research & Development,Manufacturing Director,Male,Married,Life Sciences,5,Travel_Rarely,16,11,2,9,7327,21,0,2,1,1,3,3,No,3,0,27,8,No,36-45
766,20,Research & Development,Healthcare Representative,Male,Married,Medical,2,Travel_Frequently,0,0,4,0,6868,23,0,3,4,2,4,3,No,2,6,11,9,Yes,18-25
767,49,Sales,Manager,Female,Single,Technical Degree,4,Travel_Rarely,4,3,8,1,7763,15,3,4,3,1,2,4,Yes,2,3,12,21,Yes,46-55
768,20,Sales,Sales Representative,Female,Divorced,Life Sciences,2,Travel_Rarely,1,0,4,0,2803,12,1,2,4,4,2,4,Yes,3,8,6,11,Yes,18-25
769,44,Research & Development,Research Director,Female,Single,Technical Degree,4,Travel_Rarely,0,0,8,0,10171,25,2,1,4,2,4,4,No,6,5,2,3,No,36-45
770,46,Research & Development,Laboratory Technician,Male,Married,Technical Degree,3,Travel_Rarely,1,0,9,0,2858,12,3,3,2,3,2,3,Yes,6,6,1,20,Yes,46-55
771,49,Research & Development,Manager,Female,Married,Human Resources,5,Travel_Rarely,5,2,7,4,11185,25,1,4,3,2,3,3,No,1,6,17,14,No,46-55
772,36,Research & Development,Research Scientist,Male,Married,Life Sciences,1,Travel_Rarely,0,0,6,0,7435,14,3,1,4,3,2,3,No,4,7,8,27,No,36-45
773,38,Research & Development,Healthcare Representative,Female,Single,Human Resources,5,Travel_Rarely,3,2,10,2,4290,14,2,3,3,1,3,3,No,4,3,4,8,No,36-45
774,22,Research & Development,Research Director,Female,Single,Life Sciences,4,Travel_Frequently,0,0,0,0,9854,14,0,4,1,3,2,4,No,4,2,13,3,Yes,18-25
775,35,Research & Development,Research Scientist,Male,Divorced,Medical,1,Travel_Rarely,1,0,3,0,7689,17,1,4,3,3,3,3,Yes,0,2,10,18,No,26-35
776,45,Research & Development,Research Scientist,Female,Single,Life Sciences,5,Travel_Frequently,1,0,8,0,6817,11,1,1,1,3,4,3,No,4,9,6,23,No,36-45
777,59,Research & Development,Healthcare Representative,Male,Divorced,Life Sciences,1,Travel_Frequently,12,4,9,5,7133,23,3,4,3,2,2,3,No,4,7,17,14,Yes,55+
778,39,Research & Development,Research Director,Male,Divorced,Marketing,4,Travel_Rarely,7,4,7,2,8535,18,3,2,3,4,3,3,No,6,2,18,20,Yes,36-45
779,38,Research & Development,Research Scientist,Male,Single,Medical,3,Travel_Rarely,12,8,3,9,5130,22,0,4,4,3,1,3,No,4,7,14,29,No,36-45
780,23,Research & Development,Research Scientist,Male,Single,Life Sciences,3,Travel_Rarely,2,1,11,0,4910,23,3,3,4,2,1,3,No,2,1,12,8,No,18-25
781,18,Research & Development,Research Director,Female,Married,Life Sciences,5,Non-Travel,2,1,0,1,9323,20,2,3,1,2,1,3,Yes,3,4,7,17,No,18-25
782,22,Sales,Manager,Female,Divorced,Medical,2,Non-Travel,2,1,9,0,11111,19,2,3,1,4,2,3,No,5,4,15,8,Yes,18-25
783,58,Research & Development,Research Scientist,Male,Divorced,Life Sciences,4,Travel_Rarely,0,0,3,0,4944,20,2,2,2,2,3,4,No,6,6,1,5,Yes,55+
784,29,Research & Development,Laboratory Technician,Female,Married,Technical Degree,5,Travel_Rarely,7,3,14,4,3566,23,2,1,4,1,1,3,No,1,4,14,12,No,26-35
785,43,Research & Development,Research Director,Female,Divorced,Life Sciences,5,Non-Travel,2,1,2,1,9134,24,0,2,1,1,2,3,Yes,3,8,14,2,Yes,36-45
786,51,Research & Development,Research Scientist,Male,Single,Life Sciences,3,Travel_Rarely,2,1,5,0,7136,25,0,2,4,1,3,4,No,4,2,2,17,Yes,46-55
787,31,Research & Development,Healthcare Representative,Female,Divorced,Life Sciences,1,Travel_Frequently,5,2,10,2,4180,16,0,2,3,4,1,3,Yes,1,8,10,13,No,26-35
788,43,Research & Development,Manager,Male,Divorced,Medical,4,Travel_Rarely,3,1,4,1,8404,14,3,4,2,2,1,3,No,1,0,16,22,No,36-45
789,44,Research & Development,Laboratory Technician,Female,Single,Life Sciences,1,Travel_Frequently,23,17,4,8,3722,16,0,1,4,1,2,3,No,3,2,23,14,Yes,36-45
790,26,Sales,Sales Representative,Male,Single,Life Sciences,4,Travel_Rarely,2,1,1,1,3003,20,1,4,4,3,3,3,No,3,3,10,9,Yes,26-35
791,43,Research & Development,Manager,Male,Single,Other,2,Travel_Rarely,5,4,11,2,9718,17,1,2,4,2,2,3,Yes,3,5,17,9,Yes,36-45
792,39,Research & Development,Research Scientist,Male,Single,Medical,3,Non-Travel,2,1,2,1,5839,16,1,3,4,1,1,3,No,6,9,14,9,No,36-45
793,47,Research & Development,Laboratory Technician,Female,Divorced,Life Sciences,2,Travel_Rarely,27,22,10,7,4196,21,3,2,1,2,2,3,Yes,6,7,35,27,No,46-55
794,60,Sales,Sales Representative,Male,Married,Medical,5,Travel_Rarely,3,1,5,1,4113,11,3,1,1,1,2,3,No,5,6,8,20,Yes,55+
795,34,Sales,Manager,Male,Single,Technical Degree,3,Travel_Rarely,6,5,1,1,10654,15,0,3,2,3,1,3,Yes,3,7,11,6,Yes,26-35
796,43,Research & Development,Manager,Male,Married,Life Sciences,5,Travel_Rarely,0,0,14,0,12339,18,2,1,3,2,1,3,No,5,5,8,12,No,36-45
797,53,Sales,Sales Representative,Female,Divorced,Life Sciences,2,Travel_Rarely,7,5,3,1,4862,25,1,2,3,1,3,3,No,0,5,20,10,No,46-55
798,18,Sales,Manager,Male,Married,Marketing,4,Travel_Rarely,1,0,1,0,10728,18,3,1,2,1,3,3,No,2,5,5,22,Yes,18-25
799,25,Sales,Manager,Male,Married,Medical,5,Travel_Rarely,3,2,8,1,10018,22,1,4,3,3,1,3,Yes,5,2,11,5,Yes,18-25
800,52,Sales,Sales Executive,Male,Single,Medical,1,Travel_Rarely,12,7,2,4,5823,20,0,3,1,3,1,3,No,2,9,16,18,No,46-55
801,32,Sales,Manager,Male,Divorced,Life Sciences,4,Travel_Rarely,21,7,9,13,9265,19,3,1,4,1,4,3,No,4,3,34,7,Yes,26-35
802,39,Research & Development,Research Scientist,Female,Divorced,Life Sciences,4,Travel_Frequently,3,2,9,2,7658,14,2,3,3,1,4,3,No,0,5,16,13,No,36-45
803,31,Research & Development,Research Director,Female,Single,Medical,2,Travel_Rarely,10,4,5,3,11618,20,2,3,4,4,3,4,Yes,1,6,13,1,Yes,26-35
804,43,Research & Development,Research Director,Male,Single,Life Sciences,2,Travel_Frequently,0,0,14,0,9258,16,3,2,4,4,2,3,No,3,2,1,6,No,36-45
805,45,Research & Development,Healthcare Representative,Male,Single,Medical,3,Travel_Rarely,11,7,0,7,4340,17,2,2,1,2,1,3,No,4,3,12,21,No,36-45
806,40,Research & Development,Manufacturing Director,Female,Single,Medical,3,Travel_Rarely,5,3,12,2,6614,15,0,3,4,2,1,3,No,1,5,19,21,No,36-45
807,31,Sales,Sales Executive,Male,Married,Life Sciences,1,Travel_Rarely,4,3,10,3,4614,25,2,1,3,4,2,3,No,6,0,16,8,No,26-35
808,41,Sales,Manager,Female,Divorced,Other,4,Non-Travel,13,9,13,11,8457,21,1,3,1,1,3,3,No,2,6,13,9,Yes,36-45
809,19,Research & Development,Laboratory Technician,Female,Married,Technical Degree,1,Travel_Rarely,11,5,14,4,3356,18,1,2,2,3,4,4,No,1,0,20,7,Yes,18-25
810,43,Sales,Manager,Female,Divorced,Marketing,1,Travel_Rarely,2,1,14,1,8360,13,1,1,1,2,3,3,Yes,3,9,15,10,Yes,36-45
811,31,Research & Development,Research Director,Male,Married,Life Sciences,2,Travel_Rarely,9,5,9,5,11196,18,3,3,3,1,2,4,No,3,8,11,29,No,26-35
812,24,Research & Development,Research Scientist,Male,Married,Life Sciences,1,Non-Travel,0,0,2,0,5097,25,3,2,1,3,1,3,No,5,9,0,8,No,18-25
813,20,Research & Development,Manufacturing Director,Female,Married,Medical,1,Travel_Rarely,10,8,7,4,7301,24,3,3,3,3,4,3,Yes,5,8,22,2,Yes,18-25
814,40,Sales,Sales Executive,Male,Single,Life Sciences,5,Non-Travel,6,5,4,5,5413,15,3,3,3,1,2,4,No,6,8,11,18,No,36-45
815,60,Research & Development,Research Scientist,Female,Married,Other,3,Non-Travel,0,0,7,0,7332,11,3,3,1,1,1,3,No,2,3,13,28,Yes,55+
816,35,Research & Development,Laboratory Technician,Male,Married,Life Sciences,3,Travel_Rarely,6,2,14,1,3459,23,0,1,3,2,3,4,Yes,3,1,16,15,Yes,26-35
817,55,Sales,Sales Representative,Female,Single,Medical,4,Non-Travel,5,1,1,1,3669,16,3,2,2,4,4,4,Yes,0,6,17,24,No,46-55
818,52,Research & Development,Research Director,Male,Married,Life Sciences,3,Travel_Frequently,5,4,6,4,10895,12,2,2,3,1,1,3,No,4,3,11,6,No,46-55
819,32,Research & Development,Healthcare Representative,Male,Married,Medical,4,Travel_Rarely,2,0,8,0,4962,25,0,4,2,4,1,3,Yes,2,4,10,24,No,26-35
820,42,Human Resources,Manager,Male,Divorced,Life Sciences,5,Travel_Rarely,1,0,6,0,9108,17,3,3,2,2,1,3,Yes,2,0,14,14,No,36-45
821,54,Sales,Manager,Female,Married,Medical,3,Travel_Frequently,8,5,2,2,8354,25,2,3,3,4,1,3,No,1,9,14,25,No,46-55
822,45,Research & Development,Research Scientist,Female,Divorced,Life Sciences,5,Travel_Rarely,1,0,6,0,6286,25,0,4,4,4,1,3,No,2,5,4,25,No,36-45
823,27,Research & Development,Healthcare Representative,Male,Married,Human Resources,3,Travel_Rarely,3,2,14,0,6335,19,1,3,2,3,3,3,No,6,6,16,27,Yes,26-35
824,56,Research & Development,Research Director,Male,Divorced,Life Sciences,3,Travel_Rarely,7,4,7,3,11440,13,0,1,2,2,2,3,No,4,2,10,22,No,55+
825,34,Sales,Manager,Female,Married,Human Resources,5,Travel_Rarely,0,0,13,0,8576,24,3,4,1,1,4,3,No,0,9,7,24,No,26-35
826,56,Research & Development,Research Scientist,Male,Divorced,Technical Degree,1,Travel_Rarely,5,2,0,3,6972,20,0,2,2,4,3,3,No,1,1,8,18,No,55+
827,39,Sales,Sales Executive,Male,Married,Life Sciences,1,Travel_Rarely,5,4,12,3,4767,24,0,3,2,2,4,3,No,4,9,5,24,Yes,36-45
828,43,Research & Development,Manager,Male,Married,Marketing,1,Travel_Rarely,6,3,12,2,8011,14,1,2,2,3,1,3,Yes,5,6,14,3,No,36-45
829,42,Sales,Sales Executive,Male,Married,Life Sciences,1,Travel_Rarely,2,1,2,1,5049,14,0,3,2,3,2,3,Yes,2,0,4,1,Yes,36-45
830,34,Research & Development,Manufacturing Director,Male,Married,Other,3,Travel_Frequently,3,1,4,1,9269,14,0,4,4,4,1,3,No,6,1,16,23,No,26-35
831,30,Research & Development,Laboratory Technician,Male,Single,Medical,2,Travel_Rarely,2,0,11,1,2832,13,1,2,2,4,3,3,No,3,2,2,1,Yes,26-35
832,37,Research & Development,Manufacturing Director,Male,Single,Life Sciences,5,Travel_Rarely,9,8,5,4,9510,15,3,3,3,1,3,3,Yes,5,3,17,14,No,36-45
833,42,Sales,Sales Executive,Male,Single,Life Sciences,2,Travel_Rarely,0,0,2,0,6589,19,2,1,4,2,4,4,Yes,3,4,10,27,No,36-45
834,21,Sales,Sales Representative,Male,Divorced,Life Sciences,2,Non-Travel,19,17,14,16,3415,25,0,4,2,1,1,3,No,4,3,29,1,No,18-25
835,27,Research & Development,Manufacturing Director,Male,Single,Other,4,Travel_Rarely,6,2,3,4,8560,21,1,3,3,1,1,3,Yes,0,9,19,1,No,26-35
836,20,Research & Development,Manager,Male,Single,Life Sciences,1,Travel_Rarely,13,12,4,5,8432,18,0,3,3,3,2,3,No,3,2,27,4,No,18-25
837,58,Sales,Sales Representative,Female,Married,Medical,3,Travel_Rarely,3,2,14,2,3558,20,3,3,4,2,2,3,Yes,6,0,15,29,No,55+
838,35,Research & Development,Research Scientist,Male,Married,Medical,1,Non-Travel,2,1,2,0,4472,12,3,4,4,1,1,3,Yes,4,6,11,12,No,26-35
839,53,Human Resources,Human Resources,Male,Married,Other,1,Travel_Rarely,13,9,3,3,5489,22,1,3,3,3,4,3,No,1,9,26,15,No,46-55
840,39,Research & Development,Laboratory Technician,Male,Single,Life Sciences,2,Travel_Rarely,0,0,4,0,3358,19,2,3,4,4,2,3,No,2,5,9,29,No,36-45
841,51,Research & Development,Manager,Male,Divorced,Medical,4,Travel_Rarely,0,0,1,0,11459,22,2,2,4,1,1,3,No,0,1,4,28,No,46-55
842,25,Human Resources,Manager,Male,Divorced,Medical,1,Travel_Rarely,2,1,9,0,7970,20,0,2,1,4,1,4,No,6,1,13,4,No,18-25
843,57,Sales,Manager,Male,Divorced,Marketing,5,Travel_Frequently,19,11,8,15,11586,12,1,4,4,2,1,3,No,6,2,33,10,No,55+
844,36,Research & Development,Laboratory Technician,Female,Married,Life Sciences,5,Travel_Rarely,6,5,9,2,4211,17,2,4,1,1,3,3,No,0,7,19,11,No,36-45
845,59,Human Resources,Manager,Male,Married,Life Sciences,1,Travel_Rarely,4,1,7,1,11063,15,3,1,4,4,4,3,No,1,7,12,6,No,55+
846,58,Sales,Sales Representative,Female,Single,Life Sciences,2,Travel_Rarely,7,6,11,6,4696,25,2,3,4,4,1,3,No,0,9,9,28,No,55+
847,54,Research & Development,Manufacturing Director,Male,Single,Marketing,2,Travel_Rarely,3,1,5,1,7202,23,1,2,3,2,1,3,Yes,4,9,8,10,No,46-55
848,23,Research & Development,Research Director,Male,Single,Life Sciences,3,Travel_Rarely,8,5,9,6,10315,17,3,2,1,3,1,3,No,0,9,18,12,Yes,18-25
849,43,Research & Development,Manufacturing Director,Male,Married,Medical,4,Travel_Rarely,2,1,10,1,9376,15,0,3,4,3,2,3,No,0,9,13,3,No,36-45
850,51,Research & Development,Healthcare Representative,Male,Married,Life Sciences,2,Non-Travel,10,7,2,8,6020,22,3,3,2,1,1,3,Yes,0,7,20,15,No,46-55
851,23,Human Resources,Manager,Male,Married,Technical Degree,3,Travel_Rarely,1,0,10,0,11849,16,2,4,4,4,3,3,Yes,4,6,12,16,No,18-25
852,54,Research & Development,Manager,Female,Single,Other,5,Travel_Rarely,1,0,1,0,8364,18,2,1,3,3,3,3,No,5,1,7,10,No,46-55
853,50,Sales,Manager,Male,Married,Medical,5,Travel_Rarely,4,3,6,2,8148,11,2,1,3,1,4,3,No,2,0,8,22,No,46-55
854,39,Research & Development,Laboratory Technician,Female,Married,Life Sciences,5,Travel_Frequently,3,1,7,1,3046,23,0,4,3,4,1,3,Yes,3,5,14,29,Yes,36-45
855,38,Sales,Sales Representative,Female,Married,Life Sciences,1,Travel_Rarely,6,4,9,3,4672,21,2,4,1,1,1,3,Yes,5,7,13,23,Yes,36-45
856,23,Research & Development,Research Scientist,Male,Married,Life Sciences,4,Travel_Rarely,2,1,0,0,7505,23,1,2,1,2,1,3,No,0,0,11,11,Yes,18-25
857,23,Research & Development,Manufacturing Director,Male,Single,Life Sciences,3,Travel_Rarely,1,0,13,0,9134,22,0,4,1,1,3,3,No,1,2,6,16,No,18-25
858,21,Research & Development,Manager,Male,Divorced,Medical,4,Travel_Rarely,3,1,14,1,9907,11,3,1,2,2,2,3,Yes,6,0,14,17,No,18-25
859,47,Research & Development,Manufacturing Director,Male,Married,Medical,1,Travel_Rarely,4,2,5,1,9305,15,2,2,1,4,2,3,No,1,9,9,14,No,46-55
860,28,Human Resources,Manager,Male,Single,Other,3,Non-Travel,0,0,6,0,10528,25,1,1,3,4,1,4,Yes,4,8,12,16,No,26-35
861,47,Research & Development,Laboratory Technician,Male,Single,Life Sciences,3,Travel_Rarely,4,3,14,1,2886,11,1,3,1,4,2,3,No,2,6,10,14,Yes,46-55
862,48,Research & Development,Research Scientist,Male,Married,Marketing,2,Travel_Frequently,2,1,12,0,6665,13,0,1,1,1,4,4,No,0,7,9,6,Yes,46-55
863,41,Sales,Sales Executive,Male,Divorced,Medical,4,Travel_Rarely,2,1,8,1,5357,20,1,2,4,4,3,3,No,4,8,13,10,No,36-45
864,26,Human Resources,Human Resources,Female,Married,Medical,4,Travel_Frequently,1,0,11,0,4441,25,0,1,1,4,1,3,No,3,2,13,17,No,26-35
865,20,Human Resources,Manager,Female,Single,Life Sciences,2,Travel_Rarely,16,8,2,3,7363,19,0,2,4,2,2,3,Yes,2,9,17,23,Yes,18-25
866,48,Research & Development,Manufacturing Director,Female,Divorced,Medical,5,Non-Travel,6,3,1,2,10069,24,0,2,1,4,1,3,No,2,1,12,10,Yes,46-55
867,57,Sales,Sales Executive,Male,Married,Medical,1,Travel_Rarely,1,0,4,0,6506,23,3,4,4,4,1,4,Yes,4,5,9,21,No,55+
868,54,Sales,Manager,Male,Married,Marketing,4,Travel_Rarely,6,2,12,2,10544,17,3,1,3,4,3,3,No,5,4,18,10,No,46-55
869,53,Sales,Sales Executive,Male,Married,Other,2,Travel_Rarely,11,7,14,8,6246,22,1,4,1,3,3,3,No,6,3,11,14,No,46-55
870,41,Sales,Sales Executive,Male,Single,Life Sciences,3,Travel_Rarely,3,2,9,2,5568,16,3,4,3,4,2,3,No,1,5,15,20,No,36-45
871,48,Research & Development,Manager,Male,Married,Life Sciences,2,Travel_Rarely,10,7,0,8,10539,18,0,1,1,1,3,3,No,5,5,24,17,No,46-55
872,23,Human Resources,Human Resources,Female,Married,Medical,5,Non-Travel,1,0,12,0,4146,18,0,2,2,2,4,4,Yes,2,2,12,9,No,18-25
873,19,Research & Development,Research Scientist,Female,Divorced,Medical,1,Travel_Frequently,10,7,5,4,7013,16,3,3,2,4,1,3,No,1,1,10,15,No,18-25
874,37,Sales,Sales Representative,Male,Married,Life Sciences,5,Travel_Rarely,4,1,8,2,3783,14,1,1,3,1,3,3,Yes,2,8,10,7,Yes,36-45
875,45,Sales,Manager,Male,Married,Marketing,3,Travel_Frequently,1,0,9,0,10873,14,0,4,3,2,2,3,No,6,7,13,2,No,36-45
876,28,Sales,Sales Executive,Male,Married,Other,3,Travel_Rarely,3,2,14,0,5864,14,3,4,2,2,2,4,Yes,2,3,16,4,Yes,26-35
877,21,Sales,Sales Representative,Male,Divorced,Other,3,Travel_Frequently,26,20,8,5,4274,16,2,2,2,1,2,3,Yes,2,5,30,20,No,18-25
878,32,Sales,Sales Executive,Male,Divorced,Life Sciences,3,Travel_Rarely,9,6,6,4,6355,11,1,4,4,1,4,4,Yes,3,2,9,24,No,26-35
879,23,Sales,Sales Representative,Male,Married,Technical Degree,2,Non-Travel,5,2,13,1,3876,22,1,3,1,3,3,3,No,1,7,18,18,Yes,18-25
880,47,Research & Development,Manufacturing Director,Male,Married,Marketing,3,Travel_Rarely,0,0,10,0,10302,12,1,4,2,3,3,3,Yes,3,2,14,11,No,46-55
881,55,Human Resources,Human Resources,Female,Married,Medical,3,Travel_Rarely,3,0,6,1,4393,16,2,2,3,4,4,3,No,1,1,15,5,Yes,46-55
882,19,Research & Development,Research Director,Male,Married,Medical,2,Travel_Rarely,1,0,14,0,13052,24,0,1,3,3,3,3,Yes,6,6,1,26,Yes,18-25
883,32,Research & Development,Manager,Female,Single,Technical Degree,3,Travel_Rarely,0,0,7,0,11264,24,1,2,2,1,3,3,Yes,6,2,1,8,Yes,26-35
884,28,Research & Development,Laboratory Technician,Male,Married,Medical,5,Non-Travel,4,2,9,2,2888,21,3,4,3,3,3,3,No,3,8,14,22,No,26-35
885,25,Sales,Sales Representative,Male,Single,Life Sciences,5,Travel_Rarely,13,4,13,3,4542,11,1,2,1,2,4,3,No,3,2,22,20,No,18-25
886,43,Sales,Manager,Male,Divorced,Medical,4,Travel_Rarely,6,2,1,5,10178,19,3,4,4,1,4,3,Yes,3,7,14,5,Yes,36-45
887,22,Research & Development,Healthcare Representative,Male,Married,Medical,5,Travel_Rarely,1,0,13,0,7231,22,1,2,1,4,2,4,Yes,6,1,12,2,No,18-25
888,23,Sales,Manager,Male,Divorced,Life Sciences,1,Travel_Rarely,5,3,5,4,11081,16,3,1,4,2,4,3,No,6,8,16,5,No,18-25
889,43,Research & Development,Research Director,Female,Married,Human Resources,1,Travel_Frequently,17,11,4,6,8081,17,3,4,4,2,4,3,No,4,0,19,3,No,36-45
890,21,Research & Development,Laboratory Technician,Female,Married,Medical,1,Travel_Rarely,7,4,4,5,3318,24,3,3,2,2,2,3,No,3,2,15,12,No,18-25
891,36,Research & Development,Laboratory Technician,Male,Married,Medical,2,Travel_Rarely,7,6,12,2,3553,22,2,3,3,1,4,3,Yes,5,1,12,19,Yes,36-45
892,37,Research & Development,Manager,Male,Single,Life Sciences,5,Travel_Frequently,20,6,2,8,11730,11,2,3,4,1,3,4,No,5,6,32,7,Yes,36-45
893,50,Research & Development,Manufacturing Director,Female,Married,Medical,1,Travel_Rarely,9,3,2,3,9900,18,2,3,2,4,1,3,Yes,2,4,18,19,No,46-55
894,37,Sales,Sales Representative,Male,Single,Life Sciences,4,Non-Travel,0,0,5,0,3575,22,0,4,3,3,2,3,No,0,7,5,4,No,36-45
895,29,Sales,Sales Executive,Male,Married,Life Sciences,2,Non-Travel,2,0,11,1,5960,22,3,4,3,3,1,3,No,3,1,8,23,No,26-35
896,18,Research & Development,Healthcare Representative,Male,Married,Medical,4,Travel_Rarely,20,14,9,12,5959,22,0,1,4,3,1,3,No,0,7,29,14,No,18-25
897,43,Research & Development,Research Director,Female,Married,Life Sciences,5,Travel_Rarely,4,2,12,1,8318,22,2,2,3,3,2,3,No,0,6,14,19,No,36-45
898,31,Sales,Sales Representative,Female,Single,Medical,3,Travel_Rarely,0,0,9,0,3293,22,3,4,1,2,1,3,No,2,4,7,26,No,26-35
899,55,Research & Development,Healthcare Representative,Male,Single,Life Sciences,4,Travel_Rarely,3,2,6,1,5224,15,0,3,3,1,1,3,Yes,0,1,13,26,Yes,46-55
900,54,Research & Development,Manufacturing Director,Female,Married,Medical,3,Travel_Rarely,7,6,13,6,7338,15,2,4,1,3,2,3,Yes,6,9,21,29,No,46-55
901,28,Research & Development,Manager,Female,Divorced,Life Sciences,2,Travel_Rarely,36,13,0,12,8010,24,0,3,3,2,2,4,No,0,6,38,18,No,26-35
902,53,Research & Development,Research Director,Male,Married,Other,4,Travel_Frequently,2,1,13,1,7931,16,0,1,4,1,3,3,No,6,9,9,26,Yes,46-55
903,30,Research & Development,Research Director,Male,Married,Medical,4,Travel_Rarely,4,1,2,0,12576,17,2,2,4,1,2,4,Yes,6,3,18,7,Yes,26-35
904,60,Research & Development,Research Scientist,Male,Married,Marketing,2,Travel_Frequently,12,8,11,6,5353,17,3,4,2,1,4,4,No,5,3,17,15,No,55+
905,20,Human Resources,Human Resources,Female,Single,Life Sciences,2,Travel_Frequently,2,1,0,0,3896,15,1,2,1,2,1,3,No,6,7,7,21,Yes,18-25
906,50,Sales,Manager,Male,Divorced,Life Sciences,1,Travel_Rarely,0,0,9,0,8313,11,1,3,1,3,2,3,No,0,5,10,1,No,46-55
907,23,Research & Development,Manager,Female,Married,Other,5,Travel_Rarely,17,12,2,9,9767,21,0,3,4,1,3,3,No,1,8,30,12,No,18-25
908,27,Sales,Sales Representative,Male,Single,Life Sciences,4,Travel_Rarely,4,1,4,1,3879,19,0,2,4,2,2,3,No,3,1,6,26,No,26-35
909,22,Research & Development,Laboratory Technician,Female,Married,Medical,4,Travel_Rarely,4,2,8,3,2959,25,0,1,4,1,1,3,Yes,3,4,9,29,No,18-25
910,40,Research & Development,Research Scientist,Male,Single,Medical,2,Travel_Rarely,5,4,2,4,6408,16,3,2,1,4,2,3,No,0,5,15,24,Yes,36-45
911,27,Human Resources,Human Resources,Male,Divorced,Life Sciences,2,Travel_Frequently,0,0,9,0,4935,23,0,2,2,4,1,3,No,2,7,12,19,Yes,26-35
912,19,Human Resources,Manager,Female,Single,Technical Degree,5,Non-Travel,16,5,13,14,9218,19,0,4,1,2,2,3,Yes,1,3,23,27,Yes,18-25
913,30,Sales,Sales Representative,Female,Married,Medical,2,Travel_Rarely,2,1,9,1,4029,21,0,4,4,3,3,3,No,2,6,14,23,Yes,26-35
914,57,Sales,Sales Executive,Female,Single,Life Sciences,3,Travel_Rarely,3,2,8,2,5506,14,2,3,2,3,4,3,No,2,6,9,6,Yes,55+
915,19,Research & Development,Healthcare Representative,Male,Married,Life Sciences,3,Travel_Rarely,1,0,0,0,4770,12,1,4,3,1,3,3,No,0,3,10,26,No,18-25
916,37,Research & Development,Healthcare Representative,Female,Married,Life Sciences,3,Non-Travel,2,1,5,0,6437,23,1,1,3,3,2,3,Yes,4,0,16,28,Yes,36-45
917,18,Sales,Sales Executive,Male,Married,Human Resources,3,Travel_Rarely,9,8,8,6,6404,23,2,1,4,3,1,4,Yes,0,2,18,13,No,18-25
918,54,Research & Development,Laboratory Technician,Male,Married,Marketing,5,Non-Travel,9,3,11,7,3805,13,3,1,2,4,3,3,No,5,1,15,6,No,46-55
919,26,Research & Development,Research Director,Male,Divorced,Life Sciences,4,Travel_Rarely,16,8,4,11,9446,22,3,3,4,2,4,3,No,4,2,18,13,No,26-35
920,34,Human Resources,Human Resources,Male,Single,Life Sciences,3,Travel_Rarely,3,2,10,1,5424,14,3,1,1,4,4,3,No,6,4,12,15,No,26-35
921,26,Sales,Sales Representative,Male,Married,Marketing,2,Travel_Rarely,7,4,13,1,3756,20,2,1,1,2,1,3,No,1,0,20,29,No,26-35
922,28,Research & Development,Manufacturing Director,Female,Single,Medical,3,Travel_Rarely,4,3,9,3,7676,22,1,4,2,1,2,3,No,4,4,6,16,No,26-35
923,32,Research & Development,Healthcare Representative,Male,Divorced,Life Sciences,5,Travel_Rarely,9,3,1,7,5433,18,1,3,4,4,3,3,No,0,1,13,8,No,26-35
924,41,Research & Development,Research Director,Female,Married,Life Sciences,2,Travel_Rarely,7,6,4,3,11544,13,0,2,4,2,3,4,No,0,3,18,13,No,36-45
925,55,Research & Development,Manufacturing Director,Male,Married,Life Sciences,3,Non-Travel,2,1,0,0,10460,18,1,1,3,3,1,3,Yes,2,5,6,13,No,46-55
926,52,Research & Development,Manufacturing Director,Male,Married,Medical,4,Travel_Rarely,2,0,8,0,8111,16,3,4,2,2,3,3,No,0,8,10,28,No,46-55
927,47,Sales,Sales Executive,Male,Single,Other,2,Non-Travel,1,0,9,0,4697,14,3,2,4,3,1,3,No,6,9,13,29,Yes,46-55
928,48,Research & Development,Research Scientist,Female,Single,Life Sciences,2,Travel_Rarely,5,4,12,2,6467,24,0,1,1,1,1,3,Yes,5,5,13,20,Yes,46-55
929,22,Research & Development,Research Director,Female,Single,Medical,4,Travel_Frequently,19,12,9,11,12850,17,0,2,4,3,2,3,No,0,9,28,20,Yes,18-25
930,31,Sales,Manager,Female,Married,Medical,2,Travel_Rarely,1,0,8,0,8189,25,1,2,4,2,1,3,No,3,1,5,12,No,26-35
931,28,Research & Development,Laboratory Technician,Female,Single,Medical,3,Travel_Rarely,0,0,5,0,4101,24,0,3,1,4,3,4,No,3,7,11,19,Yes,26-35
932,26,Sales,Manager,Male,Single,Life Sciences,2,Non-Travel,0,0,10,0,9773,21,0,3,1,2,1,3,No,2,4,13,17,Yes,26-35
933,51,Sales,Sales Executive,Male,Divorced,Technical Degree,3,Travel_Rarely,9,7,8,7,6398,23,2,1,4,4,3,3,Yes,4,8,13,26,No,46-55
934,29,Research & Development,Healthcare Representative,Female,Divorced,Medical,4,Travel_Rarely,2,0,13,1,5737,15,1,1,1,2,1,3,No,4,9,7,3,Yes,26-35
935,52,Research & Development,Healthcare Representative,Male,Married,Medical,1,Travel_Rarely,1,0,2,0,5337,15,3,3,3,2,2,3,Yes,3,8,13,15,No,46-55
936,52,Research & Development,Laboratory Technician,Male,Married,Life Sciences,4,Travel_Rarely,2,1,14,1,3897,19,2,1,3,1,2,3,Yes,5,3,14,17,No,46-55
937,18,Sales,Sales Executive,Male,Single,Life Sciences,3,Travel_Rarely,6,5,3,3,6701,23,3,1,3,3,1,3,No,1,0,13,6,No,18-25
938,57,Research & Development,Healthcare Representative,Male,Married,Life Sciences,5,Travel_Rarely,4,2,12,3,5159,13,0,3,1,2,1,4,No,6,8,9,24,No,55+
939,39,Sales,Manager,Male,Divorced,Marketing,4,Travel_Rarely,8,7,5,6,9688,20,0,2,1,4,1,3,No,6,8,21,19,No,36-45
940,46,Research & Development,Manager,Male,Single,Life Sciences,5,Travel_Rarely,2,1,3,0,8438,25,3,1,1,3,2,3,No,6,7,12,12,Yes,46-55
941,25,Human Resources,Manager,Male,Single,Marketing,5,Travel_Frequently,3,1,0,0,8190,14,2,4,2,1,4,4,No,5,4,15,4,No,18-25
942,28,Research & Development,Healthcare Representative,Male,Divorced,Life Sciences,3,Travel_Rarely,0,0,6,0,6587,15,2,3,1,3,1,3,No,3,4,12,21,No,26-35
943,58,Research & Development,Research Director,Male,Married,Medical,3,Non-Travel,0,0,4,0,8743,11,2,1,3,2,4,3,No,6,9,11,23,No,55+
944,54,Research & Development,Manager,Male,Single,Medical,1,Travel_Rarely,3,0,13,2,11483,17,0,1,3,4,1,3,Yes,5,5,16,12,Yes,46-55
945,31,Research & Development,Laboratory Technician,Female,Married,Life Sciences,2,Non-Travel,2,1,14,0,3384,18,1,3,3,4,3,3,Yes,1,0,7,27,No,26-35
946,47,Research & Development,Research Scientist,Male,Single,Life Sciences,4,Travel_Rarely,5,4,7,2,7683,25,0,4,2,3,2,3,No,4,8,13,22,Yes,46-55
947,52,Research & Development,Laboratory Technician,Male,Married,Life Sciences,3,Travel_Rarely,0,0,8,0,2938,16,3,4,4,4,4,3,No,3,4,0,2,Yes,46-55
948,38,Research & Development,Laboratory Technician,Female,Married,Medical,4,Travel_Rarely,0,0,4,0,2738,19,2,3,3,2,4,3,Yes,0,6,13,7,Yes,36-45
949,54,Sales,Manager,Male,Divorced,Medical,5,Travel_Rarely,12,5,7,4,7607,13,1,4,2,4,2,3,Yes,6,7,15,16,No,46-55
950,22,Sales,Sales Executive,Male,Married,Life Sciences,2,Travel_Frequently,5,3,12,3,6506,12,2,1,4,4,4,3,Yes,1,4,14,24,Yes,18-25
951,36,Research & Development,Research Scientist,Female,Divorced,Medical,1,Non-Travel,7,6,0,4,5844,15,0,4,2,4,1,4,No,1,2,19,12,Yes,36-45
952,31,Sales,Sales Executive,Male,Married,Life Sciences,4,Travel_Rarely,11,9,0,3,4009,23,1,1,2,2,4,3,Yes,1,5,20,16,Yes,26-35
953,43,Sales,Sales Executive,Female,Married,Life Sciences,2,Travel_Rarely,3,2,6,1,6624,19,1,2,4,1,1,3,Yes,4,6,14,14,Yes,36-45
954,21,Human Resources,Human Resources,Female,Married,Life Sciences,1,Travel_Rarely,8,5,14,2,5304,21,0,4,1,4,4,3,No,5,3,9,1,No,18-25
955,42,Research & Development,Manager,Female,Divorced,Human Resources,4,Travel_Rarely,4,1,5,1,11554,11,2,2,1,1,3,3,No,2,8,12,22,Yes,36-45
956,59,Research & Development,Manufacturing Director,Male,Divorced,Life Sciences,2,Non-Travel,1,0,4,0,7591,11,2,3,3,3,4,4,No,6,3,3,27,No,55+
957,42,Research & Development,Healthcare Representative,Male,Single,Life Sciences,3,Travel_Rarely,2,0,13,0,5322,20,2,4,4,3,4,3,No,0,9,11,9,Yes,36-45
958,35,Research & Development,Manufacturing Director,Male,Divorced,Life Sciences,4,Non-Travel,4,3,14,1,9975,13,0,1,3,2,1,3,Yes,6,1,14,7,No,26-35
959,57,Sales,Manager,Male,Divorced,Life Sciences,2,Non-Travel,2,0,4,1,9842,20,3,4,2,2,2,3,No,3,8,3,5,Yes,55+
960,25,Research & Development,Manager,Male,Divorced,Medical,1,Travel_Rarely,2,1,13,0,8030,13,3,3,1,2,3,3,No,5,3,9,29,No,18-25
961,56,Sales,Sales Executive,Male,Single,Life Sciences,2,Travel_Rarely,2,0,8,1,4728,15,2,3,3,2,2,3,No,1,3,5,10,No,55+
962,57,Research & Development,Manager,Male,Divorced,Life Sciences,3,Travel_Rarely,0,0,0,0,12451,14,1,1,3,1,1,4,No,6,9,10,27,Yes,55+
963,31,Research & Development,Healthcare Representative,Male,Divorced,Medical,4,Travel_Rarely,0,0,7,0,4631,16,3,4,1,2,3,3,No,4,0,1,10,No,26-35
964,49,Research & Development,Laboratory Technician,Male,Single,Life Sciences,4,Travel_Frequently,0,0,1,0,3954,22,2,2,2,1,4,4,Yes,1,1,3,25,Yes,46-55
965,55,Research & Development,Research Scientist,Male,Divorced,Marketing,4,Travel_Frequently,0,0,6,0,5977,18,3,3,3,4,2,3,No,5,2,6,18,Yes,46-55
966,50,Research & Development,Research Director,Female,Single,Medical,3,Travel_Rarely,2,1,5,1,11867,18,2,3,3,4,2,4,Yes,3,6,16,7,Yes,46-55
967,40,Sales,Manager,Male,Single,Life Sciences,1,Travel_Rarely,5,2,9,2,10770,25,3,1,4,3,2,3,No,0,8,18,25,Yes,36-45
968,32,Research & Development,Manufacturing Director,Male,Married,Medical,4,Travel_Rarely,1,0,1,0,8508,21,3,4,4,3,4,4,No,1,4,7,18,No,26-35
969,50,Sales,Sales Representative,Female,Married,Life Sciences,1,Travel_Rarely,13,8,11,10,3543,14,1,2,1,1,1,3,No,6,3,13,13,Yes,46-55
970,42,Sales,Sales Executive,Male,Married,Medical,2,Travel_Rarely,9,6,12,3,6263,11,1,4,1,2,4,4,No,6,1,21,11,No,36-45
971,34,Sales,Manager,Male,Single,Medical,1,Travel_Rarely,4,2,2,2,8944,23,3,4,2,3,4,3,No,4,6,15,10,No,26-35
972,50,Research & Development,Manager,Male,Divorced,Life Sciences,1,Travel_Rarely,7,6,3,1,11453,24,2,2,2,1,1,3,No,4,5,18,22,No,46-55
973,19,Research & Development,Research Scientist,Female,Single,Medical,4,Travel_Rarely,2,1,6,1,6643,24,1,1,3,3,1,3,No,2,6,2,9,No,18-25
974,31,Sales,Sales Executive,Male,Single,Technical Degree,5,Travel_Rarely,0,0,7,0,5733,17,0,3,4,2,4,4,No,4,7,2,15,No,26-35
975,57,Research & Development,Healthcare Representative,Male,Single,Other,5,Travel_Rarely,14,13,12,10,5310,16,1,1,2,1,1,3,No,2,8,15,14,Yes,55+
976,57,Research & Development,Healthcare Representative,Male,Married,Medical,3,Travel_Rarely,0,0,10,0,4799,15,3,1,3,3,2,3,No,0,9,2,3,No,55+
977,56,Sales,Sales Representative,Female,Divorced,Life Sciences,3,Travel_Rarely,17,15,1,10,4291,14,3,4,3,2,3,3,No,3,4,20,24,No,55+
978,23,Research & Development,Research Director,Male,Married,Life Sciences,5,Travel_Rarely,5,2,7,4,8120,16,0,2,1,1,1,3,No,2,4,18,14,Yes,18-25
979,23,Research & Development,Healthcare Representative,Male,Divorced,Life Sciences,2,Travel_Rarely,2,1,10,1,7188,18,1,3,4,1,3,3,No,1,3,8,21,No,18-25
980,20,Research & Development,Research Scientist,Female,Single,Medical,4,Travel_Rarely,4,1,8,1,7629,16,3,4,3,1,2,3,No,5,2,5,16,Yes,18-25
981,24,Research & Development,Healthcare Representative,Male,Married,Life Sciences,4,Travel_Rarely,4,3,6,2,4566,13,0,3,1,4,1,3,No,6,6,10,23,Yes,18-25
982,25,Sales,Sales Representative,Female,Married,Human Resources,2,Travel_Rarely,0,0,0,0,3018,19,0,4,3,1,4,3,No,1,4,14,29,No,18-25
983,59,Research & Development,Healthcare Representative,Male,Married,Life Sciences,2,Non-Travel,2,1,5,1,5447,13,2,2,4,3,4,4,No,6,6,6,28,No,55+
984,32,Research & Development,Manager,Female,Single,Life Sciences,5,Travel_Rarely,8,3,7,3,12403,14,1,3,3,1,2,4,Yes,3,1,22,3,No,26-35
985,46,Research & Development,Research Director,Male,Married,Life Sciences,3,Travel_Rarely,4,2,4,1,9881,23,1,3,3,1,1,3,No,4,8,11,8,No,46-55
986,50,Sales,Sales Representative,Female,Married,Technical Degree,2,Travel_Rarely,1,0,11,0,3563,15,1,1,2,1,4,3,No,5,8,8,2,Yes,46-55
987,47,Research & Development,Manager,Female,Married,Medical,3,Travel_Rarely,2,1,14,0,10999,21,3,4,2,1,1,3,Yes,1,8,6,29,Yes,46-55
988,56,Research & Development,Manager,Male,Married,Medical,1,Travel_Frequently,11,5,1,6,8165,12,0,4,1,1,3,3,No,5,4,20,24,Yes,55+
989,44,Sales,Sales Representative,Male,Single,Life Sciences,4,Travel_Frequently,4,2,14,1,3562,21,2,4,3,4,4,3,No,2,9,11,2,No,36-45
990,53,Research & Development,Research Scientist,Male,Married,Technical Degree,5,Non-Travel,4,2,4,1,5361,20,1,1,1,2,2,3,No,3,8,15,23,No,46-55
991,46,Research & Development,Manager,Male,Single,Life Sciences,4,Travel_Frequently,19,7,7,13,10448,25,2,1,4,4,4,3,No,1,0,32,18,No,46-55
992,55,Research & Development,Research Scientist,Male,Divorced,Technical Degree,5,Travel_Rarely,2,0,1,0,4937,21,2,3,1,3,2,3,No,4,1,10,7,No,46-55
993,50,Research & Development,Manager,Male,Married,Medical,1,Travel_Rarely,3,2,0,1,10162,20,0,4,3,2,2,3,No,5,9,9,17,No,46-55
994,54,Research & Development,Manufacturing Director,Male,Single,Life Sciences,4,Non-Travel,10,9,14,4,10516,12,1,4,2,3,3,3,Yes,4,4,15,6,Yes,46-55
995,44,Human Resources,Manager,Male,Divorced,Medical,1,Travel_Rarely,8,3,3,4,9976,16,2,3,2,1,3,3,No,5,4,14,10,No,36-45
996,50,Research & Development,Laboratory Technician,Male,Married,Medical,5,Non-Travel,1,0,3,0,3872,25,1,3,1,3,2,3,No,1,5,7,7,Yes,46-55
997,21,Sales,Manager,Female,Single,Life Sciences,2,Travel_Rarely,0,0,8,0,7606,24,1,3,2,4,4,3,No,3,7,2,4,Yes,18-25
998,39,Research & Development,Manager,Male,Married,Technical Degree,4,Non-Travel,7,3,2,2,9624,12,1,2,3,4,2,3,No,0,0,12,11,Yes,36-45
999,19,Research & Development,Laboratory Technician,Male,Single,Medical,1,Travel_Rarely,1,0,3,0,2742,20,2,2,3,1,1,3,Yes,1,9,6,16,Yes,18-25
1000,27,Human Resources,Manager,Male,Divorced,Life Sciences,4,Travel_Rarely,15,7,2,13,10437,11,0,3,4,1,1,3,No,4,8,25,27,No,26-35
1001,22,Research & Development,Research Director,Male,Divorced,Life Sciences,4,Travel_Rarely,0,0,1,0,9202,18,0,1,2,2,4,3,No,0,3,8,17,No,18-25
1002,27,Sales,Manager,Male,Divorced,Medical,4,Non-Travel,2,1,3,1,8751,20,2,1,2,4,4,3,Yes,3,7,2,28,No,26-35
1003,50,Research & Development,Research Director,Male,Married,Medical,3,Travel_Rarely,0,0,13,0,8037,24,3,4,4,4,3,3,No,4,4,12,6,No,46-55
1004,55,Research & Development,Laboratory Technician,Male,Married,Life Sciences,1,Non-Travel,7,2,7,2,3155,20,1,2,1,2,1,3,No,3,0,13,20,No,46-55
1005,30,Human Resources,Human Resources,Female,Married,Medical,1,Travel_Rarely,13,6,0,5,4416,23,1,2,4,4,2,3,No,5,8,13,19,No,26-35
1006,48,Human Resources,Manager,Male,Single,Medical,4,Travel_Rarely,6,5,7,3,10357,11,0,3,2,2,2,3,No,1,7,15,20,No,46-55
1007,53,Research & Development,Research Director,Female,Married,Other,2,Travel_Rarely,16,7,7,5,7979,20,2,3,1,4,1,3,Yes,3,4,28,22,No,46-55
1008,41,Sales,Manager,Female,Married,Medical,4,Travel_Rarely,0,0,14,0,10717,24,2,3,3,3,1,3,No,4,3,3,21,No,36-45
1009,32,Research & Development,Manager,Female,Single,Technical Degree,3,Non-Travel,0,0,2,0,9839,16,3,3,3,3,3,3,Yes,1,7,12,18,No,26-35
1010,46,Sales,Manager,Female,Married,Life Sciences,5,Travel_Rarely,10,5,13,4,10099,22,3,3,4,2,1,4,No,6,8,16,15,No,46-55
1011,25,Sales,Manager,Male,Divorced,Life Sciences,3,Travel_Rarely,11,4,9,8,11697,24,0,1,3,2,3,3,No,4,6,16,2,No,18-25
1012,22,Research & Development,Manager,Male,Divorced,Life Sciences,2,Travel_Frequently,10,8,9,2,9048,11,3,1,2,1,4,3,No,4,3,15,19,Yes,18-25
1013,46,Sales,Manager,Female,Single,Medical,4,Travel_Rarely,9,8,11,4,8139,18,3,3,4,4,4,3,No,6,6,13,27,No,46-55
1014,21,Research & Development,Manufacturing Director,Male,Single,Technical Degree,1,Travel_Rarely,2,1,11,0,9048,24,2,1,2,3,1,3,Yes,6,5,12,6,No,18-25
1015,29,Human Resources,Manager,Male,Single,Life Sciences,4,Non-Travel,1,0,5,0,12303,15,2,3,2,1,1,3,No,0,2,7,12,Yes,26-35
1016,19,Research & Development,Manager,Female,Divorced,Life Sciences,2,Travel_Rarely,15,8,12,6,9996,13,3,3,1,4,1,3,No,2,9,23,1,No,18-25
1017,44,Sales,Manager,Female,Single,Technical Degree,1,Travel_Rarely,2,0,12,0,11692,15,0,2,1,3,1,4,No,3,2,15,27,No,36-45
1018,48,Human Resources,Human Resources,Female,Married,Life Sciences,3,Travel_Rarely,3,2,3,0,5016,25,3,1,1,4,2,3,Yes,3,0,8,23,Yes,46-55
1019,53,Sales,Sales Executive,Female,Single,Medical,5,Travel_Rarely,7,5,12,2,5554,23,0,1,3,2,2,3,No,0,4,16,24,No,46-55
1020,53,Research & Development,Research Scientist,Female,Married,Medical,5,Travel_Rarely,2,0,0,1,6536,11,3,2,1,3,4,3,No,5,7,8,23,No,46-55
1021,43,Human Resources,Manager,Male,Married,Technical Degree,4,Non-Travel,10,4,13,2,9396,11,2,1,2,3,2,3,No,3,5,18,11,No,36-45
1022,60,Human Resources,Human Resources,Female,Divorced,Life Sciences,3,Travel_Rarely,0,0,0,0,4473,22,2,2,4,1,1,4,No,6,7,6,19,Yes,55+
1023,44,Research & Development,Manufacturing Director,Male,Single,Life Sciences,2,Travel_Rarely,9,8,4,7,8834,24,0,4,4,4,3,3,No,0,6,14,22,No,36-45
1024,22,Research & Development,Manufacturing Director,Male,Married,Medical,5,Travel_Rarely,5,4,11,3,9803,14,3,1,2,2,4,3,No,3,1,7,4,No,18-25
1025,37,Sales,Sales Representative,Female,Single,Other,3,Travel_Rarely,5,1,7,2,3660,19,3,3,3,2,1,4,No,3,7,18,21,No,36-45
1026,28,Research & Development,Laboratory Technician,Male,Married,Medical,4,Travel_Rarely,3,2,0,0,2751,24,0,2,4,4,2,3,Yes,4,3,3,19,No,26-35
1027,27,Research & Development,Research Scientist,Male,Divorced,Life Sciences,1,Travel_Rarely,1,0,1,0,7002,19,3,3,2,4,3,3,No,0,4,10,21,Yes,26-35
1028,57,Research & Development,Healthcare Representative,Male,Single,Medical,4,Travel_Rarely,3,2,6,0,6296,11,1,3,2,2,3,4,No,6,7,11,6,Yes,55+
1029,55,Sales,Sales Representative,Female,Divorced,Human Resources,4,Non-Travel,3,1,7,2,4795,13,2,1,2,4,2,3,No,5,4,9,8,Yes,46-55
1030,23,Sales,Sales Representative,Male,Married,Technical Degree,3,Travel_Rarely,5,2,11,4,3700,23,2,2,4,1,1,3,Yes,3,4,19,28,No,18-25
1031,25,Sales,Manager,Female,Single,Other,5,Travel_Rarely,1,0,13,0,7622,22,0,4,4,4,3,3,Yes,5,5,3,22,Yes,18-25
1032,40,Research & Development,Healthcare Representative,Male,Married,Life Sciences,3,Travel_Rarely,0,0,2,0,4539,14,3,3,1,1,3,4,No,2,6,9,9,Yes,36-45
1033,43,Research & Development,Manager,Female,Single,Life Sciences,1,Travel_Rarely,0,0,10,0,11375,12,0,3,1,1,2,4,Yes,0,8,8,10,Yes,36-45
1034,60,Human Resources,Human Resources,Female,Married,Medical,3,Travel_Rarely,7,3,11,3,3362,17,1,4,2,4,3,3,Yes,0,6,9,10,Yes,55+
1035,29,Research & Development,Laboratory Technician,Male,Married,Technical Degree,2,Non-Travel,0,0,12,0,4303,13,3,2,2,3,3,4,No,0,5,2,10,No,26-35
1036,43,Sales,Sales Executive,Male,Single,Life Sciences,4,Travel_Rarely,11,9,7,5,4844,11,1,1,2,3,3,3,No,6,9,23,26,Yes,36-45
1037,30,Research & Development,Healthcare Representative,Male,Married,Life Sciences,5,Travel_Rarely,7,2,0,4,6964,11,0,3,2,1,4,3,No,6,3,20,4,No,26-35
1038,57,Research & Development,Research Scientist,Female,Divorced,Marketing,1,Travel_Rarely,8,6,8,4,6952,13,2,1,4,4,1,3,No,4,9,14,18,No,55+
1039,35,Research & Development,Healthcare Representative,Female,Divorced,Life Sciences,4,Travel_Rarely,10,9,11,8,6878,16,1,2,1,1,1,3,No,0,1,11,12,Yes,26-35
1040,42,Research & Development,Healthcare Representative,Female,Married,Life Sciences,3,Travel_Rarely,0,0,1,0,4827,14,3,4,3,4,2,3,No,4,8,9,25,Yes,36-45
1041,50,Research & Development,Healthcare Representative,Male,Divorced,Medical,2,Non-Travel,10,3,13,3,6018,11,0,1,2,4,1,3,No,6,9,23,11,No,46-55
1042,57,Research & Development,Laboratory Technician,Female,Married,Medical,3,Travel_Rarely,4,2,12,2,2739,17,0,2,1,2,3,3,No,2,4,10,16,No,55+
1043,60,Sales,Sales Executive,Female,Married,Marketing,4,Travel_Rarely,13,4,1,4,4606,12,0,1,2,3,1,4,No,1,4,19,19,No,55+
1044,29,Sales,Manager,Female,Divorced,Life Sciences,1,Travel_Rarely,13,8,3,9,8873,22,2,1,4,3,4,3,Yes,4,2,13,11,Yes,26-35
1045,53,Research & Development,Healthcare Representative,Female,Married,Medical,5,Travel_Rarely,0,0,11,0,6471,15,0,3,3,2,3,4,No,3,2,12,23,No,46-55
1046,21,Sales,Sales Executive,Male,Married,Medical,4,Travel_Rarely,2,1,9,1,4074,18,0,1,1,2,3,4,No,0,0,11,4,Yes,18-25
1047,22,Research & Development,Laboratory Technician,Male,Married,Medical,1,Travel_Rarely,4,1,2,3,4293,17,2,3,1,2,4,3,No,1,4,14,12,No,18-25
1048,54,Sales,Sales Executive,Female,Divorced,Medical,4,Travel_Rarely,6,4,3,2,4212,21,0,2,3,1,4,3,No,4,2,7,28,Yes,46-55
1049,25,Research & Development,Manufacturing Director,Female,Divorced,Life Sciences,2,Travel_Rarely,2,1,5,1,8207,22,0,2,4,1,1,3,No,5,1,6,17,No,18-25
1050,59,Sales,Manager,Male,Married,Life Sciences,3,Travel_Rarely,1,0,6,0,7637,18,1,3,3,1,1,3,No,6,8,14,24,No,55+
1051,45,Research & Development,Laboratory Technician,Male,Married,Life Sciences,5,Travel_Rarely,2,0,4,0,4036,23,0,4,1,1,1,3,No,5,9,5,13,No,36-45
1052,48,Human Resources,Human Resources,Male,Married,Life Sciences,1,Travel_Rarely,4,3,1,1,3539,20,2,1,3,1,4,3,No,3,5,17,28,No,46-55
1053,26,Sales,Manager,Male,Married,Medical,5,Travel_Rarely,18,16,2,15,11977,24,1,2,4,3,1,3,No,1,2,20,4,No,26-35
1054,46,Sales,Sales Executive,Male,Single,Technical Degree,5,Travel_Rarely,8,5,9,2,5590,21,0,2,4,3,2,3,No,2,6,17,27,Yes,46-55
1055,31,Research & Development,Research Scientist,Female,Divorced,Marketing,5,Travel_Rarely,3,1,10,2,7529,16,2,4,2,4,1,3,No,4,8,16,6,No,26-35
1056,57,Research & Development,Research Scientist,Female,Married,Marketing,1,Non-Travel,0,0,2,0,5358,17,3,2,3,3,4,3,No,5,8,10,7,No,55+
1057,58,Sales,Sales Representative,Male,Married,Life Sciences,1,Non-Travel,1,0,13,0,3754,19,0,3,3,2,4,3,No,5,0,8,8,No,55+
1058,39,Research & Development,Research Scientist,Male,Single,Life Sciences,5,Non-Travel,3,1,4,2,6691,16,3,4,1,3,2,4,Yes,4,1,9,26,No,36-45
1059,28,Sales,Manager,Male,Single,Life Sciences,3,Travel_Rarely,10,9,11,6,11692,19,1,2,4,2,3,3,No,5,7,18,2,No,26-35
1060,40,Research & Development,Research Scientist,Male,Divorced,Life Sciences,4,Non-Travel,2,1,10,1,5790,25,2,4,3,3,2,4,Yes,2,0,4,9,Yes,36-45
1061,18,Research & Development,Manufacturing Director,Female,Single,Life Sciences,5,Non-Travel,4,2,11,3,10683,23,1,4,1,1,4,3,No,5,2,13,10,No,18-25
1062,54,Research & Development,Healthcare Representative,Female,Single,Medical,2,Travel_Rarely,13,9,4,9,4528,22,3,2,2,3,3,3,No,4,6,13,29,No,46-55
1063,38,Human Resources,Human Resources,Male,Married,Other,5,Travel_Rarely,14,4,3,3,4900,12,3,2,3,4,2,3,No,0,7,22,19,No,36-45
1064,43,Sales,Manager,Female,Single,Life Sciences,1,Non-Travel,1,0,7,0,9080,23,3,2,3,1,2,3,No,5,4,9,1,No,36-45
1065,53,Research & Development,Healthcare Representative,Female,Single,Life Sciences,4,Travel_Rarely,0,0,5,0,4476,12,2,4,1,1,3,3,No,4,1,11,16,Yes,46-55
1066,40,Sales,Sales Executive,Female,Married,Marketing,2,Travel_Rarely,2,1,5,1,5159,24,3,3,1,4,2,4,No,0,2,13,18,Yes,36-45
1067,18,Research & Development,Manufacturing Director,Male,Married,Life Sciences,4,Travel_Frequently,7,3,0,2,10625,12,3,3,4,3,3,3,No,5,8,7,8,No,18-25
1068,57,Research & Development,Laboratory Technician,Female,Married,Technical Degree,4,Travel_Rarely,18,15,5,5,4442,16,2,1,4,3,1,3,No,5,9,31,10,Yes,55+
1069,32,Research & Development,Research Director,Male,Married,Marketing,2,Travel_Rarely,0,0,2,0,9838,12,3,2,4,4,3,3,Yes,4,6,7,22,No,26-35
1070,38,Sales,Sales Executive,Male,Married,Other,5,Travel_Rarely,0,0,12,0,6659,13,0,3,3,1,2,3,Yes,3,0,13,11,No,36-45
1071,26,Sales,Sales Representative,Male,Divorced,Life Sciences,5,Travel_Rarely,12,7,5,4,3870,23,3,1,1,4,1,3,No,3,2,25,17,No,26-35
1072,26,Research & Development,Research Director,Male,Married,Medical,5,Travel_Rarely,8,4,9,3,11686,18,2,1,4,2,4,3,Yes,1,8,17,27,Yes,26-35
1073,27,Research & Development,Research Scientist,Male,Single,Medical,3,Travel_Rarely,29,28,12,21,4549,18,3,2,3,2,4,3,No,3,6,29,25,No,26-35
1074,43,Sales,Sales Executive,Male,Single,Medical,5,Travel_Rarely,3,2,10,1,5671,21,2,1,4,3,4,3,Yes,2,1,8,7,Yes,36-45
1075,58,Research & Development,Healthcare Representative,Male,Married,Medical,2,Travel_Frequently,3,2,12,1,4378,22,3,3,2,1,2,4,No,1,5,11,26,No,55+
1076,52,Sales,Sales Executive,Female,Married,Life Sciences,3,Travel_Rarely,1,0,5,0,4805,14,0,1,3,2,1,3,No,3,8,3,27,Yes,46-55
1077,42,Research & Development,Manager,Female,Single,Medical,5,Travel_Rarely,0,0,1,0,10260,19,2,1,4,4,3,3,No,0,3,5,3,Yes,36-45
1078,43,Research & Development,Research Scientist,Male,Married,Medical,3,Travel_Rarely,5,2,0,3,7063,18,2,3,4,3,4,3,Yes,6,9,7,29,Yes,36-45
1079,28,Research & Development,Manufacturing Director,Female,Single,Technical Degree,2,Travel_Rarely,2,1,10,1,9092,11,2,1,2,3,4,3,Yes,4,1,12,7,No,26-35
1080,55,Sales,Manager,Female,Married,Marketing,5,Travel_Rarely,0,0,14,0,12255,18,2,1,2,1,1,3,No,3,2,13,6,Yes,46-55
1081,19,Research & Development,Manager,Female,Married,Medical,1,Travel_Rarely,13,11,2,6,11575,11,3,4,4,2,1,3,Yes,0,6,17,3,No,18-25
1082,24,Sales,Sales Executive,Male,Married,Life Sciences,2,Travel_Rarely,1,0,4,0,4468,25,3,1,4,3,1,3,No,6,3,11,8,No,18-25
1083,35,Human Resources,Human Resources,Female,Married,Marketing,4,Travel_Rarely,8,4,14,2,4133,14,0,1,1,4,2,3,No,1,6,21,1,No,26-35
1084,44,Sales,Sales Representative,Female,Single,Medical,4,Travel_Rarely,1,0,14,0,4203,20,0,4,4,2,1,3,Yes,4,4,7,5,Yes,36-45
1085,51,Research & Development,Healthcare Representative,Female,Married,Human Resources,2,Travel_Frequently,10,3,3,4,7087,16,3,4,4,3,3,3,No,3,7,20,24,No,46-55
1086,44,Human Resources,Human Resources,Male,Single,Human Resources,4,Travel_Rarely,0,0,6,0,5570,17,1,4,1,3,3,3,No,1,7,9,19,Yes,36-45
1087,34,Research & Development,Manufacturing Director,Male,Divorced,Life Sciences,2,Travel_Rarely,8,5,3,1,10063,20,2,2,1,2,4,3,No,3,4,19,27,Yes,26-35
1088,60,Research & Development,Laboratory Technician,Female,Single,Technical Degree,1,Non-Travel,0,0,7,0,3661,23,3,2,4,2,3,3,No,1,6,3,13,No,55+
1089,41,Research & Development,Research Scientist,Male,Divorced,Life Sciences,2,Travel_Rarely,3,2,6,0,6896,14,0,3,1,1,1,3,No,3,5,6,26,Yes,36-45
1090,42,Human Resources,Human Resources,Male,Married,Life Sciences,5,Travel_Rarely,7,5,9,1,3855,18,2,1,3,4,3,4,No,6,7,13,11,No,36-45
1091,24,Research & Development,Manufacturing Director,Male,Married,Medical,5,Travel_Rarely,1,0,8,0,7761,18,0,3,2,1,4,3,No,0,8,5,28,No,18-25
1092,23,Research & Development,Manufacturing Director,Female,Single,Life Sciences,3,Travel_Rarely,2,1,0,0,9540,24,1,2,3,1,2,3,Yes,2,4,2,22,Yes,18-25
1093,41,Research & Development,Healthcare Representative,Female,Divorced,Marketing,4,Travel_Rarely,12,5,14,5,6880,24,2,1,2,4,3,3,No,6,6,22,26,Yes,36-45
1094,50,Research & Development,Manager,Male,Single,Life Sciences,4,Travel_Rarely,12,8,4,3,12436,24,1,1,2,4,4,3,No,0,0,26,11,Yes,46-55
1095,46,Research & Development,Manager,Female,Single,Life Sciences,2,Travel_Rarely,0,0,12,0,9043,19,1,4,4,1,4,3,No,4,7,9,2,No,46-55
1096,60,Research & Development,Research Scientist,Male,Married,Medical,4,Travel_Rarely,1,0,3,0,7028,24,1,2,2,2,1,4,No,3,2,13,9,No,55+
1097,39,Sales,Sales Representative,Female,Single,Marketing,5,Travel_Rarely,0,0,5,0,4588,16,3,1,3,4,4,3,No,2,0,14,2,No,36-45
1098,43,Sales,Manager,Female,Single,Human Resources,1,Travel_Rarely,1,0,0,0,10565,14,0,4,4,1,3,3,No,6,5,12,21,Yes,36-45
1099,45,Sales,Sales Representative,Female,Divorced,Marketing,2,Travel_Rarely,21,14,5,5,3529,12,2,1,1,2,4,3,No,2,7,33,19,No,36-45
1100,38,Sales,Sales Representative,Female,Divorced,Medical,4,Travel_Rarely,4,2,0,2,4100,25,3,2,3,3,4,3,No,4,2,18,26,No,36-45
1101,24,Sales,Sales Representative,Male,Married,Life Sciences,5,Travel_Rarely,3,2,13,0,4027,17,0,3,4,2,1,3,No,4,0,4,12,No,18-25
1102,34,Research & Development,Research Director,Female,Divorced,Life Sciences,3,Travel_Rarely,24,21,13,6,11057,20,3,3,2,1,1,3,No,2,2,29,9,No,26-35
1103,37,Sales,Manager,Male,Married,Life Sciences,4,Travel_Rarely,4,3,0,2,10544,13,0,1,3,4,3,3,No,4,4,16,9,No,36-45
1104,58,Research & Development,Research Scientist,Female,Single,Medical,1,Travel_Rarely,6,5,7,5,7195,21,2,4,2,2,4,3,Yes,4,7,17,23,No,55+
1105,37,Sales,Manager,Female,Married,Medical,1,Travel_Frequently,2,1,1,1,8118,23,2,4,4,2,2,3,No,3,8,10,10,Yes,36-45
1106,39,Sales,Sales Executive,Female,Married,Medical,4,Non-Travel,2,1,9,0,5101,22,2,4,4,2,4,3,Yes,0,8,8,5,Yes,36-45
1107,45,Research & Development,Research Scientist,Male,Divorced,Marketing,4,Travel_Rarely,5,3,12,4,6333,13,2,2,1,4,2,3,Yes,5,3,8,9,No,36-45
1108,57,Research & Development,Healthcare Representative,Female,Single,Medical,5,Travel_Rarely,0,0,13,0,5043,13,0,3,1,4,3,3,No,1,7,14,23,No,55+
1109,24,Sales,Sales Representative,Male,Married,Life Sciences,4,Non-Travel,1,0,5,0,4854,14,3,3,3,2,1,3,No,2,4,12,18,Yes,18-25
1110,18,Research & Development,Laboratory Technician,Male,Single,Life Sciences,3,Travel_Rarely,1,0,13,0,3065,12,2,1,1,2,3,3,No,1,2,12,10,No,18-25
1111,49,Research & Development,Healthcare Representative,Female,Single,Technical Degree,5,Travel_Rarely,0,0,5,0,5625,23,2,3,2,1,1,4,No,2,4,14,17,Yes,46-55
1112,30,Research & Development,Healthcare Representative,Male,Single,Marketing,2,Travel_Rarely,4,2,5,2,6897,23,2,4,2,4,1,4,No,2,1,16,26,No,26-35
1113,47,Research & Development,Manager,Female,Divorced,Human Resources,3,Travel_Rarely,4,3,7,3,7632,15,1,2,1,2,4,3,No,0,5,5,10,No,46-55
1114,40,Human Resources,Human Resources,Male,Divorced,Life Sciences,5,Travel_Rarely,2,1,3,1,5169,13,2,4,1,4,4,3,No,6,0,5,14,No,36-45
1115,36,Research & Development,Research Director,Male,Divorced,Other,5,Travel_Rarely,1,0,2,0,10854,20,2,4,1,4,1,4,No,6,5,14,4,No,36-45
1116,49,Research & Development,Healthcare Representative,Female,Married,Life Sciences,1,Non-Travel,6,2,5,4,4259,15,0,3,3,4,2,3,No,2,4,10,10,No,46-55
1117,47,Research & Development,Manufacturing Director,Male,Single,Life Sciences,5,Travel_Rarely,0,0,3,0,10733,22,1,2,3,1,2,3,No,2,8,1,24,Yes,46-55
1118,46,Sales,Sales Representative,Male,Single,Other,3,Non-Travel,4,2,1,2,2882,23,0,2,2,3,4,3,Yes,0,6,4,22,No,46-55
1119,46,Research & Development,Healthcare Representative,Female,Single,Life Sciences,4,Travel_Rarely,8,7,5,6,5767,17,3,4,3,4,3,3,Yes,4,5,11,18,Yes,46-55
1120,47,Sales,Manager,Male,Married,Medical,3,Travel_Frequently,1,0,9,0,7464,19,1,1,3,4,2,3,No,6,6,11,5,Yes,46-55
1121,33,Research & Development,Manufacturing Director,Female,Married,Life Sciences,2,Travel_Rarely,8,4,4,3,6741,12,0,3,4,2,1,3,No,5,9,20,9,No,26-35
1122,57,Research & Development,Manufacturing Director,Male,Married,Medical,5,Travel_Frequently,8,4,10,6,10658,19,0,1,2,4,4,3,No,1,4,13,6,No,55+
1123,36,Research & Development,Manager,Female,Single,Human Resources,5,Travel_Rarely,0,0,8,0,11335,20,3,4,2,3,4,3,Yes,2,0,0,16,No,36-45
1124,35,Sales,Sales Representative,Female,Single,Life Sciences,5,Travel_Frequently,0,0,10,0,3213,16,3,3,1,4,1,3,No,0,8,0,22,Yes,26-35
1125,18,Sales,Manager,Female,Single,Medical,5,Travel_Rarely,21,7,5,7,10550,22,2,1,4,1,3,3,No,2,4,29,23,Yes,18-25
1126,31,Research & Development,Manager,Male,Married,Life Sciences,1,Travel_Rarely,1,0,13,0,11491,16,2,1,1,2,1,3,No,6,3,5,16,No,26-35
1127,19,Research & Development,Research Director,Female,Divorced,Medical,1,Travel_Rarely,10,9,2,5,12670,21,1,1,3,3,3,3,No,0,5,11,29,No,18-25
1128,45,Research & Development,Manufacturing Director,Female,Married,Life Sciences,4,Non-Travel,4,1,10,2,8647,13,1,3,2,1,4,3,Yes,1,4,14,11,No,36-45
1129,47,Sales,Manager,Female,Divorced,Life Sciences,5,Travel_Rarely,1,0,4,0,12046,24,3,1,3,3,3,3,No,3,0,14,21,No,46-55
1130,55,Research & Development,Laboratory Technician,Male,Married,Life Sciences,2,Travel_Rarely,0,0,14,0,3535,20,1,2,3,2,1,3,Yes,6,1,1,15,Yes,46-55
1131,21,Sales,Manager,Female,Married,Life Sciences,4,Travel_Rarely,4,2,9,1,10916,23,2,4,4,4,4,3,No,4,3,7,19,No,18-25
1132,18,Human Resources,Human Resources,Female,Single,Human Resources,5,Travel_Rarely,3,1,7,0,5549,19,3,3,4,2,2,3,Yes,3,7,13,3,No,18-25
1133,25,Sales,Manager,Male,Divorced,Life Sciences,1,Travel_Rarely,7,3,8,2,8474,14,0,2,2,2,4,3,No,0,4,8,16,No,18-25
1134,46,Research & Development,Manager,Male,Divorced,Life Sciences,2,Travel_Frequently,14,9,7,11,8110,15,3,1,2,4,1,3,No,2,6,17,21,No,46-55
1135,56,Sales,Manager,Female,Single,Medical,4,Non-Travel,9,4,14,6,9046,13,1,4,4,1,1,3,No,4,1,23,20,Yes,55+
1136,20,Human Resources,Manager,Male,Married,Life Sciences,2,Travel_Frequently,1,0,2,0,8087,15,2,1,4,3,4,3,No,6,7,11,5,No,18-25
1137,49,Research & Development,Manager,Female,Married,Marketing,5,Travel_Frequently,12,5,8,5,8734,18,2,2,4,1,4,3,Yes,1,4,24,9,Yes,46-55
1138,27,Sales,Sales Executive,Female,Married,Other,3,Non-Travel,10,7,2,8,6228,18,0,1,4,4,4,3,No,6,3,15,5,Yes,26-35
1139,27,Research & Development,Research Scientist,Female,Divorced,Medical,2,Travel_Rarely,15,13,7,11,5975,24,0,3,2,3,3,3,No,5,8,21,4,No,26-35
1140,36,Sales,Manager,Male,Married,Technical Degree,2,Travel_Rarely,3,1,9,2,9225,18,3,2,2,4,2,3,No,4,5,8,13,No,36-45
1141,51,Sales,Sales Representative,Male,Married,Medical,1,Travel_Rarely,8,3,8,7,3574,16,2,3,3,1,3,3,No,2,3,11,20,Yes,46-55
1142,50,Human Resources,Human Resources,Female,Single,Life Sciences,5,Travel_Rarely,5,4,6,2,3666,25,0,4,3,2,1,3,No,3,7,14,17,No,46-55
1143,40,Research & Development,Research Scientist,Male,Single,Marketing,2,Travel_Rarely,2,1,3,1,5876,25,0,3,3,3,4,3,No,0,2,4,26,No,36-45
1144,45,Research & Development,Research Director,Female,Single,Medical,5,Travel_Rarely,31,11,9,25,11160,11,3,3,2,4,3,3,No,3,9,34,20,No,36-45
1145,49,Research & Development,Research Scientist,Male,Single,Medical,1,Non-Travel,0,0,14,0,4859,21,3,1,1,3,3,3,No,6,1,11,12,Yes,46-55
1146,24,Research & Development,Laboratory Technician,Male,Married,Human Resources,5,Travel_Rarely,1,0,8,0,4427,20,2,1,3,3,1,3,No,4,6,5,20,Yes,18-25
1147,46,Sales,Sales Representative,Male,Married,Medical,1,Non-Travel,13,5,2,3,3730,22,1,2,1,1,3,3,No,5,3,16,25,No,46-55
1148,25,Sales,Sales Executive,Male,Single,Human Resources,1,Travel_Rarely,0,0,14,0,6843,16,1,4,1,2,1,3,Yes,2,3,2,27,Yes,18-25
1149,18,Research & Development,Healthcare Representative,Female,Divorced,Marketing,4,Travel_Rarely,13,10,2,7,4580,22,2,2,1,3,3,3,No,0,9,13,20,No,18-25
1150,20,Human Resources,Manager,Male,Single,Medical,5,Travel_Rarely,7,5,1,2,11342,21,1,4,4,1,2,4,No,2,8,9,7,No,18-25
1151,41,Sales,Manager,Male,Single,Medical,3,Travel_Frequently,0,0,9,0,10535,20,2,4,2,3,1,3,Yes,2,1,10,1,Yes,36-45
1152,40,Sales,Sales Representative,Male,Single,Life Sciences,4,Travel_Rarely,3,1,14,1,4522,17,2,3,2,2,2,3,Yes,5,0,7,16,No,36-45
1153,25,Research & Development,Research Director,Male,Married,Other,1,Travel_Rarely,8,7,2,3,11023,24,0,1,3,3,3,3,No,4,6,20,7,No,18-25
1154,54,Human Resources,Human Resources,Male,Single,Medical,3,Travel_Rarely,5,1,0,3,5510,19,1,4,3,2,2,4,Yes,3,7,18,2,No,46-55
1155,20,Sales,Manager,Female,Married,Life Sciences,2,Travel_Frequently,16,9,14,8,10585,22,2,1,2,1,2,4,Yes,2,2,30,12,Yes,18-25
1156,50,Research & Development,Healthcare Representative,Male,Married,Life Sciences,2,Travel_Rarely,12,5,3,3,6607,18,1,4,4,1,2,3,No,6,1,17,11,Yes,46-55
1157,45,Research & Development,Manufacturing Director,Male,Divorced,Medical,4,Non-Travel,2,1,7,0,10612,21,1,1,2,2,3,3,No,6,3,13,8,No,36-45
1158,25,Sales,Sales Executive,Male,Single,Life Sciences,3,Travel_Frequently,0,0,4,0,6143,22,3,2,1,2,1,3,Yes,2,1,13,1,Yes,18-25
1159,51,Sales,Manager,Female,Single,Life Sciences,5,Travel_Rarely,17,8,1,5,10030,18,1,1,2,1,3,3,No,2,1,29,26,Yes,46-55
1160,52,Research & Development,Research Director,Male,Single,Medical,3,Non-Travel,4,3,2,0,9155,25,2,3,4,2,3,3,No,0,4,7,3,No,46-55
1161,49,Human Resources,Human Resources,Male,Married,Life Sciences,4,Travel_Rarely,0,0,0,0,5250,17,0,4,2,2,3,3,No,2,9,0,8,No,46-55
1162,41,Sales,Manager,Female,Single,Medical,5,Travel_Rarely,10,4,1,4,9795,12,1,3,2,4,1,3,No,6,4,19,26,No,36-45
1163,31,Research & Development,Research Director,Male,Divorced,Life Sciences,5,Travel_Rarely,12,9,0,6,11138,11,2,4,2,3,4,3,No,2,7,24,8,No,26-35
1164,49,Research & Development,Manager,Male,Married,Life Sciences,2,Travel_Rarely,6,2,1,5,7627,25,3,3,1,1,3,3,Yes,4,8,12,11,No,46-55
1165,60,Research & Development,Healthcare Representative,Male,Married,Marketing,3,Travel_Rarely,3,1,2,1,5711,12,1,4,3,1,3,3,No,6,1,15,29,Yes,55+
1166,33,Research & Development,Laboratory Technician,Female,Married,Medical,5,Travel_Rarely,6,4,0,4,3900,25,0,1,4,4,1,3,Yes,2,0,14,21,Yes,26-35
1167,21,Research & Development,Research Scientist,Male,Single,Life Sciences,4,Travel_Rarely,7,3,10,3,6327,16,1,4,1,2,4,3,Yes,5,2,21,5,No,18-25
1168,54,Research & Development,Manufacturing Director,Female,Single,Life Sciences,2,Non-Travel,13,7,8,9,8553,23,2,3,2,2,4,3,No,5,5,25,8,No,46-55
1169,38,Research & Development,Healthcare Representative,Female,Single,Medical,5,Travel_Rarely,18,14,9,11,4857,12,1,3,2,2,4,3,Yes,6,4,23,26,No,36-45
1170,31,Research & Development,Laboratory Technician,Male,Married,Life Sciences,3,Travel_Rarely,4,3,4,2,3154,20,1,4,3,1,4,3,No,2,7,17,21,Yes,26-35
1171,48,Research & Development,Research Director,Male,Single,Life Sciences,2,Travel_Rarely,9,6,7,3,11593,14,3,4,3,4,1,3,No,5,7,14,9,Yes,46-55
1172,35,Research & Development,Laboratory Technician,Male,Single,Life Sciences,3,Travel_Rarely,20,6,4,8,2990,25,1,2,3,3,1,3,No,4,1,28,17,No,26-35
1173,24,Sales,Sales Executive,Female,Divorced,Technical Degree,3,Travel_Rarely,0,0,7,0,5865,20,0,2,1,4,4,4,Yes,0,8,3,5,Yes,18-25
1174,27,Research & Development,Healthcare Representative,Male,Single,Marketing,3,Non-Travel,0,0,6,0,5999,13,1,1,4,1,2,4,No,5,3,4,19,No,26-35
1175,24,Research & Development,Manager,Male,Divorced,Marketing,2,Travel_Rarely,12,6,11,9,12440,16,3,1,3,3,1,3,No,6,0,16,19,Yes,18-25
1176,50,Sales,Sales Representative,Male,Divorced,Marketing,5,Non-Travel,1,0,3,0,2927,22,2,1,2,2,2,3,No,5,1,14,2,No,46-55
1177,40,Research & Development,Laboratory Technician,Female,Single,Medical,1,Non-Travel,0,0,14,0,2767,22,1,1,4,4,2,3,No,3,5,11,19,Yes,36-45
1178,38,Research & Development,Research Director,Male,Single,Medical,5,Non-Travel,1,0,6,0,10484,23,1,1,2,4,4,4,Yes,4,4,5,23,Yes,36-45
1179,36,Sales,Sales Representative,Female,Single,Medical,2,Travel_Rarely,2,0,5,1,3906,24,3,4,2,1,4,3,Yes,5,6,9,15,Yes,36-45
1180,36,Research & Development,Healthcare Representative,Male,Married,Life Sciences,1,Travel_Rarely,1,0,2,0,4284,18,3,2,4,4,3,3,No,0,8,11,8,No,36-45
1181,53,Sales,Sales Executive,Male,Married,Medical,1,Travel_Rarely,2,1,8,1,6477,21,3,4,1,3,2,3,Yes,3,5,2,28,No,46-55
1182,46,Sales,Manager,Male,Divorced,Marketing,1,Travel_Frequently,22,21,11,7,9871,16,1,2,4,4,3,3,No,6,5,31,24,No,46-55
1183,35,Research & Development,Manager,Male,Divorced,Medical,4,Travel_Rarely,7,4,9,4,9071,12,0,2,3,1,4,3,No,6,1,17,27,No,26-35
1184,19,Sales,Manager,Male,Married,Life Sciences,2,Travel_Rarely,7,6,14,5,8921,15,3,3,4,4,2,3,No,2,6,21,8,No,18-25
1185,18,Research & Development,Research Scientist,Male,Single,Life Sciences,4,Travel_Frequently,0,0,12,0,7242,21,2,3,3,3,1,3,No,4,1,9,1,No,18-25
1186,22,Research & Development,Healthcare Representative,Female,Single,Medical,1,Travel_Rarely,7,6,8,1,4773,23,1,2,3,3,3,3,No,5,6,17,14,Yes,18-25
1187,37,Research & Development,Manufacturing Director,Female,Divorced,Marketing,4,Travel_Rarely,8,2,13,3,7170,16,2,4,4,1,4,4,No,2,7,10,11,No,36-45
1188,28,Research & Development,Laboratory Technician,Female,Single,Technical Degree,4,Non-Travel,6,5,4,3,2969,19,2,2,4,2,2,4,No,4,0,20,7,Yes,26-35
1189,59,Sales,Sales Representative,Male,Single,Life Sciences,2,Travel_Rarely,1,0,7,0,4112,16,0,1,3,1,4,3,No,6,8,8,18,Yes,55+
1190,19,Research & Development,Manager,Male,Married,Marketing,3,Travel_Rarely,3,0,6,2,11579,20,2,4,2,2,3,3,No,3,7,17,27,No,18-25
1191,20,Sales,Sales Representative,Male,Married,Medical,4,Travel_Rarely,11,6,8,6,3495,15,3,4,4,3,4,3,No,5,8,21,15,No,18-25
1192,40,Research & Development,Research Director,Female,Divorced,Human Resources,4,Travel_Rarely,6,2,6,2,8588,11,3,2,1,4,4,4,No,6,4,14,10,No,36-45
1193,29,Human Resources,Human Resources,Female,Married,Medical,1,Travel_Rarely,7,3,3,5,3702,20,1,1,3,4,1,3,No,0,3,8,4,No,26-35
1194,37,Sales,Manager,Male,Single,Medical,1,Travel_Rarely,5,2,3,2,10543,15,0,2,2,3,4,3,Yes,4,0,16,21,No,36-45
1195,22,Research & Development,Research Scientist,Male,Divorced,Medical,1,Travel_Frequently,3,1,10,2,5211,15,0,1,4,1,2,3,Yes,6,8,6,28,Yes,18-25
1196,54,Research & Development,Laboratory Technician,Male,Single,Marketing,5,Non-Travel,8,6,7,6,4244,16,2,4,4,4,2,3,Yes,6,3,21,1,No,46-55
1197,55,Research & Development,Laboratory Technician,Male,Married,Other,4,Travel_Rarely,0,0,5,0,2759,17,0,2,2,1,1,3,Yes,0,3,7,14,Yes,46-55
1198,47,Research & Development,Laboratory Technician,Male,Married,Life Sciences,1,Travel_Rarely,6,4,8,1,2622,23,2,1,1,4,2,3,No,2,3,10,20,No,46-55
1199,26,Sales,Manager,Female,Single,Life Sciences,2,Travel_Rarely,35,34,13,29,7677,23,2,3,3,2,4,3,Yes,6,1,35,20,Yes,26-35
1200,51,Research & Development,Laboratory Technician,Female,Married,Human Resources,5,Travel_Rarely,9,5,9,6,4183,14,0,4,4,4,4,3,No,2,3,14,25,No,46-55
1201,52,Sales,Manager,Male,Single,Medical,3,Travel_Rarely,2,1,13,0,10716,17,1,4,1,2,2,3,No,3,1,15,9,Yes,46-55
1202,39,Research & Development,Laboratory Technician,Male,Married,Medical,4,Travel_Rarely,1,0,6,0,4398,15,2,3,3,4,3,3,Yes,3,7,9,13,No,36-45
1203,41,Human Resources,Manager,Female,Married,Medical,4,Travel_Rarely,6,2,6,2,9016,16,3,1,1,4,4,4,Yes,1,6,14,29,No,36-45
1204,34,Research & Development,Research Scientist,Male,Married,Life Sciences,2,Non-Travel,13,7,3,11,5101,14,3,4,3,4,2,4,No,1,9,23,27,Yes,26-35
1205,27,Research & Development,Manager,Male,Divorced,Marketing,3,Non-Travel,5,4,2,3,10234,22,0,1,3,4,4,3,No,3,1,5,26,No,26-35
1206,47,Sales,Sales Representative,Male,Single,Marketing,3,Travel_Frequently,4,3,7,3,3929,18,0,3,1,4,4,4,No,5,1,7,17,Yes,46-55
1207,40,Research & Development,Research Scientist,Male,Married,Life Sciences,5,Travel_Frequently,1,0,6,0,6350,19,2,2,3,1,1,3,No,2,1,1,24,Yes,36-45
1208,49,Research & Development,Manufacturing Director,Male,Married,Life Sciences,4,Travel_Rarely,7,2,3,3,8068,12,2,4,4,2,2,3,No,0,0,13,20,No,46-55
1209,34,Sales,Sales Representative,Female,Single,Technical Degree,1,Travel_Rarely,7,6,12,2,2812,22,3,4,4,2,4,3,No,6,5,9,4,No,26-35
1210,34,Research & Development,Manufacturing Director,Male,Divorced,Life Sciences,2,Travel_Rarely,20,8,3,6,6568,21,2,1,1,4,3,3,Yes,6,5,21,5,Yes,26-35
1211,31,Sales,Sales Representative,Male,Married,Human Resources,2,Travel_Rarely,2,1,0,0,4194,14,3,4,1,1,2,3,No,3,0,15,18,No,26-35
1212,26,Research & Development,Healthcare Representative,Female,Single,Life Sciences,2,Travel_Frequently,8,4,10,4,5792,21,2,2,3,1,3,3,No,5,0,15,17,No,26-35
1213,57,Research & Development,Research Scientist,Male,Married,Medical,2,Travel_Rarely,3,1,6,2,7109,18,1,3,3,3,2,3,No,0,5,11,21,No,55+
1214,19,Research & Development,Manager,Female,Single,Human Resources,1,Travel_Rarely,4,3,0,3,8822,18,1,4,1,3,3,3,No,1,5,18,7,No,18-25
1215,42,Sales,Sales Executive,Female,Married,Medical,1,Travel_Frequently,10,8,9,4,6446,25,3,3,2,1,3,3,No,0,3,16,10,Yes,36-45
1216,56,Research & Development,Research Director,Male,Single,Medical,5,Travel_Rarely,1,0,9,0,10025,19,1,1,1,3,2,4,Yes,3,2,6,9,Yes,55+
1217,26,Research & Development,Healthcare Representative,Female,Divorced,Marketing,4,Travel_Rarely,2,0,3,1,4461,13,1,2,2,2,1,3,No,2,8,11,28,Yes,26-35
1218,39,Human Resources,Manager,Male,Divorced,Life Sciences,1,Non-Travel,8,5,10,4,12480,11,0,4,2,1,1,3,No,3,5,20,28,No,36-45
1219,60,Research & Development,Manager,Female,Married,Life Sciences,5,Travel_Rarely,5,4,13,3,9964,19,2,3,1,3,2,3,No,6,0,15,13,No,55+
1220,21,Research & Development,Healthcare Representative,Male,Married,Other,3,Travel_Rarely,0,0,2,0,6123,11,0,2,1,1,4,3,Yes,6,2,5,18,No,18-25
1221,43,Research & Development,Manufacturing Director,Female,Divorced,Marketing,4,Travel_Rarely,3,2,10,2,9619,13,3,3,1,3,2,3,No,4,0,11,12,No,36-45
1222,46,Research & Development,Research Director,Female,Married,Medical,1,Travel_Rarely,5,4,2,3,9665,13,0,1,2,1,2,3,No,5,2,9,8,No,46-55
1223,51,Research & Development,Manager,Male,Single,Life Sciences,3,Travel_Rarely,14,10,11,10,11236,19,3,2,4,4,4,3,No,5,1,18,23,Yes,46-55
1224,40,Research & Development,Laboratory Technician,Male,Married,Life Sciences,5,Travel_Rarely,1,0,0,0,4230,25,1,2,4,2,2,3,No,5,4,2,18,No,36-45
1225,54,Research & Development,Healthcare Representative,Female,Divorced,Life Sciences,1,Travel_Rarely,9,6,3,2,5368,11,0,1,1,3,2,3,No,4,2,14,5,Yes,46-55
1226,28,Research & Development,Research Director,Female,Married,Medical,1,Travel_Rarely,0,0,13,0,11344,17,1,1,1,4,4,3,Yes,4,6,13,7,No,26-35
1227,23,Research & Development,Manager,Male,Married,Marketing,3,Travel_Rarely,1,0,0,0,11288,12,2,4,3,1,4,3,Yes,2,7,12,15,No,18-25
1228,35,Sales,Sales Representative,Female,Divorced,Medical,1,Travel_Rarely,1,0,13,0,3199,17,1,1,3,4,1,3,No,5,6,12,3,No,26-35
1229,38,Sales,Sales Executive,Male,Divorced,Technical Degree,2,Non-Travel,12,6,12,5,4997,25,2,1,3,2,3,3,No,3,1,23,18,No,36-45
1230,59,Sales,Sales Executive,Male,Divorced,Life Sciences,1,Travel_Rarely,1,0,12,0,4326,25,1,3,1,3,3,3,Yes,4,9,6,6,Yes,55+
1231,53,Sales,Sales Executive,Male,Single,Life Sciences,4,Travel_Rarely,9,6,7,4,5806,11,0,2,4,3,1,3,No,3,9,14,26,No,46-55
1232,58,Research & Development,Healthcare Representative,Male,Married,Life Sciences,3,Non-Travel,3,2,14,1,6658,23,0,3,4,1,1,4,No,1,6,6,29,Yes,55+
1233,55,Research & Development,Manager,Female,Married,Medical,4,Travel_Rarely,40,36,14,28,10498,20,1,1,1,2,3,3,Yes,5,9,40,6,No,46-55
1234,51,Research & Development,Manager,Male,Married,Life Sciences,5,Travel_Rarely,10,4,0,7,8170,20,3,4,1,4,1,3,No,4,2,24,27,No,46-55
1235,34,Research & Development,Healthcare Representative,Female,Married,Other,4,Travel_Rarely,8,3,11,2,5864,18,3,3,2,1,2,3,Yes,4,6,14,20,Yes,26-35
1236,54,Human Resources,Human Resources,Male,Single,Life Sciences,2,Travel_Rarely,12,9,13,4,5203,20,2,3,2,3,1,3,Yes,2,0,26,1,No,46-55
1237,42,Research & Development,Manufacturing Director,Male,Divorced,Human Resources,2,Travel_Rarely,6,2,5,3,7853,23,2,2,4,4,1,3,No,3,1,14,21,No,36-45
1238,55,Research & Development,Healthcare Representative,Male,Married,Medical,4,Travel_Rarely,11,6,6,3,6757,20,1,2,3,1,1,3,No,2,9,11,17,Yes,46-55
1239,29,Research & Development,Research Director,Male,Single,Other,5,Travel_Rarely,1,0,14,0,12072,12,0,2,4,4,1,3,Yes,2,0,3,11,Yes,26-35
1240,40,Research & Development,Manager,Male,Married,Medical,1,Non-Travel,0,0,9,0,7317,13,2,4,2,4,3,3,No,3,8,9,27,No,36-45
1241,59,Sales,Sales Representative,Male,Single,Human Resources,2,Travel_Frequently,5,3,13,1,3302,24,1,4,4,1,4,3,Yes,1,1,19,24,Yes,55+
1242,39,Research & Development,Manager,Male,Married,Life Sciences,4,Travel_Rarely,3,2,11,0,10131,18,2,1,2,4,3,3,Yes,3,1,17,2,No,36-45
1243,38,Human Resources,Human Resources,Male,Single,Marketing,4,Non-Travel,3,1,1,2,4922,13,0,1,2,4,3,3,Yes,1,5,11,25,No,36-45
1244,44,Research & Development,Manager,Male,Married,Human Resources,4,Non-Travel,4,1,3,2,11954,11,2,2,3,2,4,3,Yes,2,6,17,9,No,36-45
1245,48,Sales,Manager,Male,Married,Life Sciences,1,Travel_Rarely,2,0,10,1,10661,19,1,3,3,2,3,3,Yes,1,1,6,19,No,46-55
1246,23,Research & Development,Healthcare Representative,Female,Married,Life Sciences,3,Travel_Rarely,5,3,13,1,5346,18,2,2,2,3,2,4,No,5,3,10,6,No,18-25
1247,44,Research & Development,Healthcare Representative,Female,Married,Medical,5,Non-Travel,0,0,2,0,4736,25,3,1,1,2,4,3,No,1,2,7,25,No,36-45
1248,57,Sales,Sales Representative,Male,Divorced,Human Resources,3,Travel_Rarely,21,12,12,10,4396,14,2,3,3,1,2,3,Yes,1,4,29,7,No,55+
1249,51,Research & Development,Laboratory Technician,Male,Single,Medical,5,Travel_Rarely,15,12,12,9,2957,18,0,1,2,4,3,3,Yes,4,8,22,4,Yes,46-55
1250,29,Research & Development,Laboratory Technician,Male,Single,Medical,5,Non-Travel,16,12,8,13,3895,24,0,4,1,3,3,3,No,4,1,18,3,No,26-35
1251,24,Research & Development,Manufacturing Director,Female,Divorced,Life Sciences,4,Travel_Rarely,2,0,13,0,7269,15,0,2,1,2,4,3,No,6,4,11,2,No,18-25
1252,27,Sales,Sales Executive,Male,Single,Life Sciences,2,Travel_Rarely,4,3,6,2,4273,13,0,2,4,4,3,3,No,2,7,4,10,Yes,26-35
1253,34,Research & Development,Manager,Male,Divorced,Technical Degree,4,Travel_Rarely,18,17,1,4,8555,11,1,3,4,1,1,4,Yes,3,5,28,10,No,26-35
1254,43,Research & Development,Healthcare Representative,Male,Divorced,Life Sciences,1,Travel_Rarely,13,7,10,7,5048,23,2,2,3,4,2,3,No,1,3,25,17,No,36-45
1255,38,Research & Development,Manager,Male,Married,Medical,5,Non-Travel,9,4,11,3,10694,20,2,1,1,1,2,3,No,5,9,20,27,No,36-45
1256,45,Sales,Manager,Male,Divorced,Human Resources,2,Travel_Rarely,3,2,5,2,8068,15,2,1,3,4,1,3,Yes,4,7,15,16,Yes,36-45
1257,19,Research & Development,Research Director,Female,Single,Life Sciences,5,Non-Travel,4,1,8,1,12902,21,2,4,2,3,4,3,No,3,2,8,26,No,18-25
1258,60,Research & Development,Research Director,Male,Single,Medical,5,Travel_Rarely,9,6,11,5,10759,16,1,1,3,3,4,3,No,5,3,15,27,Yes,55+
1259,18,Research & Development,Manufacturing Director,Female,Married,Life Sciences,4,Travel_Rarely,1,0,2,0,8756,14,0,3,1,2,1,3,Yes,1,8,2,1,No,18-25
1260,53,Research & Development,Healthcare Representative,Male,Married,Medical,2,Travel_Rarely,5,3,13,4,5516,17,2,1,4,2,1,3,No,3,4,5,12,No,46-55
1261,43,Sales,Manager,Male,Divorced,Life Sciences,2,Travel_Rarely,10,7,14,5,10259,13,2,4,3,4,2,3,No,6,5,13,20,Yes,36-45
1262,46,Research & Development,Manufacturing Director,Female,Single,Marketing,5,Travel_Rarely,7,5,10,3,6507,17,0,4,4,4,1,3,No,5,1,9,20,No,46-55
1263,38,Sales,Sales Executive,Male,Married,Life Sciences,2,Travel_Rarely,3,0,5,0,6970,24,3,2,3,2,1,3,No,0,8,6,25,Yes,36-45
1264,28,Research & Development,Laboratory Technician,Female,Married,Medical,2,Travel_Frequently,5,2,13,1,3630,11,3,3,2,2,1,3,No,5,7,5,10,Yes,26-35
1265,57,Sales,Manager,Male,Married,Medical,4,Travel_Rarely,26,24,2,16,7390,17,0,1,1,4,3,3,No,5,6,27,1,Yes,55+
1266,28,Research & Development,Healthcare Representative,Male,Single,Life Sciences,3,Travel_Rarely,5,4,2,1,6000,11,2,4,3,4,1,3,No,1,8,5,16,Yes,26-35
1267,53,Research & Development,Manufacturing Director,Female,Married,Marketing,1,Travel_Rarely,9,7,3,4,8497,23,0,1,2,4,3,3,No,3,4,11,11,No,46-55
1268,56,Research & Development,Manufacturing Director,Male,Divorced,Life Sciences,3,Travel_Rarely,7,6,8,1,6515,21,2,4,2,3,2,4,Yes,1,4,10,4,No,55+
1269,57,Sales,Manager,Female,Single,Medical,2,Travel_Rarely,7,3,10,4,12191,11,2,2,2,1,2,3,No,1,8,19,3,No,55+
1270,52,Research & Development,Healthcare Representative,Male,Divorced,Life Sciences,5,Travel_Rarely,7,3,12,3,4192,12,3,4,4,1,4,3,No,0,4,7,25,Yes,46-55
1271,51,Sales,Sales Executive,Female,Married,Marketing,1,Travel_Frequently,3,1,7,0,5733,12,3,2,4,2,2,3,No,6,8,8,13,No,46-55
1272,41,Research & Development,Research Scientist,Male,Married,Life Sciences,1,Travel_Rarely,3,1,0,1,7573,14,2,3,2,3,4,3,No,5,0,4,21,No,36-45
1273,39,Human Resources,Human Resources,Male,Married,Medical,5,Travel_Rarely,3,2,12,1,3770,23,2,1,2,4,3,3,No,3,9,12,15,Yes,36-45
1274,22,Research & Development,Research Director,Female,Single,Life Sciences,1,Travel_Rarely,0,0,11,0,9048,11,2,1,3,4,1,3,Yes,6,9,11,25,Yes,18-25
1275,50,Research & Development,Manufacturing Director,Female,Married,Marketing,5,Travel_Rarely,1,0,10,0,6402,14,3,2,3,2,2,3,No,2,7,13,10,Yes,46-55
1276,53,Research & Development,Manufacturing Director,Female,Divorced,Life Sciences,1,Travel_Rarely,1,0,0,0,6718,12,2,3,1,2,1,3,No,4,2,11,6,Yes,46-55
1277,37,Sales,Sales Executive,Female,Married,Human Resources,3,Travel_Rarely,13,6,6,3,4134,14,0,2,3,3,4,3,No,6,7,17,11,No,36-45
1278,36,Research & Development,Manufacturing Director,Female,Divorced,Human Resources,1,Non-Travel,1,0,2,0,10348,14,1,4,1,1,3,4,No,1,4,8,25,No,36-45
1279,52,Research & Development,Manager,Male,Married,Life Sciences,4,Non-Travel,0,0,13,0,11718,19,1,2,1,1,2,3,No,1,1,11,1,Yes,46-55
1280,60,Research & Development,Manufacturing Director,Male,Single,Medical,5,Travel_Rarely,0,0,10,0,9888,19,2,3,1,4,1,4,No,1,8,12,29,No,55+
1281,34,Sales,Sales Representative,Male,Married,Life Sciences,1,Travel_Rarely,7,4,6,4,3540,11,0,4,4,2,4,4,No,1,3,10,20,No,26-35
1282,60,Research & Development,Research Director,Male,Divorced,Life Sciences,5,Travel_Frequently,0,0,8,0,12281,15,2,1,3,3,1,3,Yes,4,6,4,4,Yes,55+
1283,51,Research & Development,Healthcare Representative,Male,Single,Marketing,4,Non-Travel,3,2,2,1,5844,17,0,1,2,4,2,3,Yes,2,7,11,26,Yes,46-55
1284,26,Research & Development,Manufacturing Director,Male,Divorced,Medical,1,Travel_Rarely,0,0,2,0,7860,14,3,1,1,1,1,3,No,0,6,1,10,Yes,26-35
1285,43,Research & Development,Manager,Male,Divorced,Medical,1,Travel_Rarely,11,4,1,9,9561,22,3,3,2,1,3,3,No,2,5,22,22,No,36-45
1286,19,Research & Development,Manager,Female,Married,Life Sciences,4,Travel_Rarely,19,14,9,13,7555,15,2,3,1,3,2,3,No,4,6,30,26,No,18-25
1287,26,Sales,Manager,Male,Single,Life Sciences,4,Travel_Rarely,19,8,0,12,12302,12,3,3,3,4,4,3,Yes,3,3,20,15,No,26-35
1288,26,Sales,Sales Representative,Male,Married,Life Sciences,4,Non-Travel,3,2,8,1,4100,13,2,3,1,3,2,3,No,0,9,8,29,No,26-35
1289,57,Human Resources,Manager,Male,Single,Marketing,5,Travel_Rarely,6,4,5,5,11148,17,1,3,3,4,4,3,Yes,0,0,11,1,No,55+
1290,34,Sales,Sales Representative,Female,Divorced,Medical,4,Travel_Rarely,5,2,5,4,4220,20,0,4,2,1,4,3,No,3,4,7,26,No,26-35
1291,18,Human Resources,Human Resources,Female,Married,Marketing,5,Travel_Rarely,2,1,7,1,4802,23,0,2,3,2,2,3,No,5,7,13,21,Yes,18-25
1292,42,Research & Development,Research Director,Female,Married,Life Sciences,3,Travel_Rarely,3,1,10,1,7698,25,1,1,2,2,4,3,Yes,1,9,11,15,Yes,36-45
1293,60,Sales,Manager,Male,Married,Life Sciences,1,Travel_Rarely,0,0,4,0,10037,17,1,3,3,1,2,3,Yes,4,5,12,3,Yes,55+
1294,57,Sales,Manager,Male,Married,Life Sciences,1,Travel_Rarely,9,2,8,4,11637,14,1,1,1,2,3,3,Yes,3,4,9,1,Yes,55+
1295,59,Sales,Manager,Male,Married,Life Sciences,2,Travel_Rarely,1,0,14,0,7440,22,1,3,1,2,3,3,Yes,2,1,12,6,No,55+
1296,42,Human Resources,Manager,Male,Married,Life Sciences,3,Travel_Rarely,3,2,10,1,12363,11,3,1,3,4,1,3,No,2,9,5,19,Yes,36-45
1297,56,Research & Development,Manufacturing Director,Male,Married,Technical Degree,4,Travel_Rarely,3,2,4,2,8435,11,0,2,2,3,3,3,Yes,5,4,10,4,No,55+
1298,52,Research & Development,Manufacturing Director,Male,Married,Human Resources,4,Travel_Rarely,4,1,1,2,7791,14,0,1,2,4,4,3,No,3,9,11,12,Yes,46-55
1299,20,Research & Development,Healthcare Representative,Male,Divorced,Medical,3,Travel_Rarely,10,7,5,7,5819,14,1,1,2,3,1,3,No,4,2,13,25,No,18-25
1300,54,Sales,Sales Executive,Female,Married,Medical,4,Travel_Rarely,7,4,14,3,6403,16,2,3,3,3,1,3,No,5,1,14,2,No,46-55
1301,47,Research & Development,Healthcare Representative,Female,Married,Life Sciences,2,Travel_Rarely,6,4,8,4,5641,17,2,4,3,2,2,3,Yes,5,2,16,17,No,46-55
1302,55,Sales,Sales Representative,Male,Married,Technical Degree,5,Travel_Frequently,4,3,2,1,4154,19,2,4,3,3,1,3,No,5,3,13,26,No,46-55
1303,51,Research & Development,Manufacturing Director,Male,Single,Life Sciences,1,Travel_Rarely,0,0,9,0,8799,19,2,1,3,3,2,3,No,0,1,12,6,Yes,46-55
1304,29,Research & Development,Research Scientist,Male,Single,Other,3,Travel_Frequently,3,2,3,1,6483,20,3,4,2,1,1,3,No,0,3,10,12,No,26-35
1305,36,Research & Development,Research Director,Male,Divorced,Medical,1,Travel_Rarely,18,8,9,8,8386,22,0,2,2,3,3,3,No,1,3,18,15,No,36-45
1306,54,Research & Development,Healthcare Representative,Female,Married,Life Sciences,5,Travel_Rarely,32,27,10,26,4280,25,0,2,4,1,2,3,Yes,4,5,34,17,Yes,46-55
1307,34,Research & Development,Healthcare Representative,Male,Married,Human Resources,3,Travel_Rarely,7,2,7,1,4587,22,0,4,3,4,4,3,Yes,2,4,7,1,No,26-35
1308,27,Human Resources,Human Resources,Female,Married,Life Sciences,5,Travel_Rarely,1,0,5,0,3886,15,2,4,4,2,1,3,No,2,6,15,14,No,26-35
1309,29,Research & Development,Manufacturing Director,Male,Single,Medical,4,Non-Travel,0,0,12,0,7616,20,1,2,3,3,3,3,No,1,6,1,23,Yes,26-35
1310,33,Sales,Manager,Female,Married,Medical,4,Travel_Rarely,3,1,6,2,10521,21,2,4,4,1,3,4,No,2,2,6,2,Yes,26-35
1311,41,Research & Development,Laboratory Technician,Male,Married,Life Sciences,4,Travel_Frequently,11,7,6,4,3435,13,0,4,2,4,2,4,No,5,8,13,4,No,36-45
1312,36,Sales,Sales Representative,Female,Married,Medical,5,Travel_Rarely,7,5,3,4,2881,13,2,3,2,4,2,3,No,1,6,19,20,Yes,36-45
1313,25,Sales,Sales Executive,Male,Married,Medical,5,Travel_Rarely,12,4,14,3,4104,25,1,3,4,4,2,3,No,1,6,26,2,Yes,18-25
1314,48,Human Resources,Human Resources,Female,Single,Marketing,5,Non-Travel,5,3,11,2,3417,16,1,4,1,1,4,3,Yes,3,1,15,22,No,46-55
1315,38,Research & Development,Research Scientist,Male,Single,Life Sciences,1,Travel_Rarely,0,0,5,0,5565,11,2,4,3,1,4,3,No,0,9,5,26,Yes,36-45
1316,34,Human Resources,Manager,Male,Divorced,Human Resources,5,Travel_Rarely,0,0,11,0,7233,17,0,3,4,2,4,3,Yes,4,2,11,14,No,26-35
1317,40,Research & Development,Manufacturing Director,Female,Married,Life Sciences,4,Travel_Rarely,0,0,8,0,8771,13,3,3,4,3,1,3,No,4,2,11,18,No,36-45
1318,54,Research & Development,Manufacturing Director,Female,Married,Life Sciences,2,Travel_Frequently,5,3,2,1,8131,15,0,4,1,4,4,3,No,0,5,9,28,No,46-55
1319,33,Sales,Sales Representative,Female,Single,Life Sciences,5,Non-Travel,1,0,7,0,3966,17,3,3,2,2,2,3,No,5,3,5,8,Yes,26-35
1320,23,Sales,Sales Representative,Female,Single,Life Sciences,2,Non-Travel,7,5,6,4,4313,17,0,2,4,1,3,4,No,4,3,16,20,Yes,18-25
1321,25,Research & Development,Research Director,Female,Married,Life Sciences,4,Travel_Rarely,6,3,3,3,9030,19,2,1,2,2,3,3,No,2,0,12,1,No,18-25
1322,42,Research & Development,Healthcare Representative,Male,Married,Other,5,Travel_Rarely,2,1,9,1,4650,11,3,2,3,4,2,3,No,2,5,8,16,No,36-45
1323,35,Research & Development,Manufacturing Director,Male,Married,Life Sciences,1,Travel_Rarely,1,0,12,0,7734,13,0,3,1,4,4,3,No,4,7,9,7,Yes,26-35
1324,42,Research & Development,Healthcare Representative,Male,Single,Life Sciences,1,Travel_Rarely,0,0,2,0,4165,19,2,2,2,2,4,3,No,6,7,7,6,Yes,36-45
1325,29,Sales,Manager,Female,Married,Life Sciences,2,Travel_Rarely,8,6,13,3,7848,18,0,1,4,4,2,3,No,6,7,10,28,No,26-35
1326,32,Research & Development,Healthcare Representative,Male,Single,Marketing,1,Travel_Rarely,3,2,6,0,6502,12,1,3,1,1,3,3,No,3,4,4,22,Yes,26-35
1327,43,Research & Development,Research Director,Male,Single,Technical Degree,1,Non-Travel,2,1,9,1,8869,18,1,2,1,4,1,4,Yes,4,9,2,27,Yes,36-45
1328,58,Sales,Sales Representative,Male,Married,Life Sciences,1,Travel_Rarely,11,6,8,8,4888,18,0,2,1,3,3,3,Yes,1,5,25,19,Yes,55+
1329,43,Research & Development,Research Director,Female,Single,Life Sciences,4,Non-Travel,5,4,11,1,8556,12,2,1,1,3,4,3,Yes,5,4,14,10,No,36-45
1330,49,Research & Development,Manager,Male,Single,Life Sciences,1,Travel_Rarely,4,2,9,1,11459,18,0,3,1,4,3,3,No,1,3,9,23,No,46-55
1331,27,Sales,Sales Executive,Male,Married,Life Sciences,3,Travel_Rarely,8,3,2,1,6115,13,2,4,3,2,4,3,No,0,3,20,6,No,26-35
1332,33,Research & Development,Laboratory Technician,Male,Married,Life Sciences,5,Non-Travel,10,7,14,8,3178,17,3,3,3,4,3,3,No,5,3,22,26,No,26-35
1333,24,Human Resources,Manager,Male,Divorced,Medical,1,Non-Travel,6,4,9,4,8985,23,1,1,1,3,2,3,No,5,3,9,10,No,18-25
1334,34,Sales,Sales Representative,Male,Married,Life Sciences,1,Travel_Rarely,3,1,8,1,3983,19,3,1,4,1,4,3,No,2,5,5,25,No,26-35
1335,40,Research & Development,Research Scientist,Female,Single,Medical,1,Travel_Rarely,2,1,12,1,7212,14,2,1,4,3,1,3,Yes,5,5,12,19,No,36-45
1336,43,Sales,Sales Representative,Female,Single,Life Sciences,3,Travel_Frequently,8,6,7,3,3610,25,0,1,3,4,1,3,Yes,3,4,18,3,No,36-45
1337,38,Research & Development,Manufacturing Director,Female,Divorced,Other,1,Non-Travel,4,3,11,2,6693,21,1,4,2,4,2,3,No,4,8,5,20,No,36-45
1338,39,Research & Development,Manufacturing Director,Male,Married,Human Resources,1,Non-Travel,7,6,2,4,8197,16,2,3,1,2,3,3,No,1,7,8,3,No,36-45
1339,24,Research & Development,Healthcare Representative,Female,Married,Medical,5,Non-Travel,13,7,14,6,4806,19,2,3,4,4,2,4,Yes,2,9,23,20,No,18-25
1340,31,Research & Development,Laboratory Technician,Male,Single,Life Sciences,3,Travel_Rarely,14,13,7,11,4363,21,1,2,3,4,2,3,No,6,5,17,6,No,26-35
1341,32,Research & Development,Manufacturing Director,Male,Married,Life Sciences,3,Travel_Rarely,1,0,11,0,9746,21,0,4,3,1,1,3,No,2,8,1,17,No,26-35
1342,24,Research & Development,Manager,Female,Single,Medical,1,Travel_Rarely,1,0,3,0,7474,15,1,4,2,1,1,3,No,3,4,6,18,Yes,18-25
1343,26,Research & Development,Laboratory Technician,Male,Married,Marketing,3,Travel_Rarely,1,0,5,0,3122,22,0,2,2,1,4,3,Yes,3,9,10,10,Yes,26-35
1344,25,Sales,Manager,Male,Divorced,Medical,2,Travel_Rarely,8,3,11,4,7471,11,0,2,4,2,4,3,No,3,3,18,6,Yes,18-25
1345,40,Research & Development,Manufacturing Director,Female,Divorced,Technical Degree,3,Travel_Rarely,2,0,9,1,10384,13,2,3,2,2,4,3,No,3,5,6,28,No,36-45
1346,46,Research & Development,Healthcare Representative,Male,Married,Other,3,Travel_Frequently,1,0,1,0,6987,21,0,3,2,3,2,3,No,6,3,10,13,No,46-55
1347,35,Human Resources,Manager,Female,Married,Life Sciences,3,Travel_Rarely,0,0,7,0,7806,25,0,3,1,2,2,3,No,1,7,8,6,No,26-35
1348,48,Sales,Sales Executive,Male,Divorced,Medical,4,Travel_Rarely,2,1,12,1,5320,19,1,4,3,1,4,3,No,3,6,3,12,Yes,46-55
1349,47,Research & Development,Research Scientist,Female,Married,Life Sciences,4,Travel_Frequently,0,0,8,0,7475,13,1,4,3,2,1,3,No,2,4,8,14,No,46-55
1350,56,Research & Development,Manufacturing Director,Male,Single,Life Sciences,4,Travel_Rarely,1,0,6,0,7097,21,0,2,2,4,1,3,Yes,2,9,9,17,Yes,55+
1351,52,Research & Development,Research Scientist,Male,Married,Medical,3,Travel_Rarely,6,2,7,5,5363,21,2,1,3,2,3,3,Yes,6,5,15,22,Yes,46-55
1352,35,Research & Development,Research Scientist,Female,Single,Life Sciences,2,Travel_Rarely,0,0,6,0,5404,20,1,1,3,4,4,3,No,5,6,8,27,Yes,26-35
1353,59,Sales,Sales Representative,Male,Married,Technical Degree,3,Travel_Rarely,0,0,10,0,2863,12,3,1,4,3,2,4,No,4,1,9,28,No,55+
1354,56,Research & Development,Laboratory Technician,Male,Married,Life Sciences,1,Non-Travel,11,8,9,8,2629,14,2,1,3,4,3,3,No,2,8,20,25,No,55+
1355,34,Research & Development,Manager,Male,Married,Medical,2,Travel_Rarely,11,6,3,2,12345,15,1,1,2,1,3,3,No,2,6,14,8,No,26-35
1356,31,Sales,Manager,Male,Married,Medical,4,Non-Travel,2,1,0,0,10283,17,1,3,4,3,3,3,Yes,6,7,6,26,No,26-35
1357,48,Research & Development,Research Scientist,Male,Single,Marketing,5,Travel_Rarely,0,0,2,0,5411,17,3,2,3,3,4,3,Yes,1,4,7,5,No,46-55
1358,41,Research & Development,Research Director,Male,Married,Life Sciences,2,Travel_Rarely,7,3,6,2,9758,19,0,1,3,3,4,3,No,5,2,20,29,Yes,36-45
1359,52,Sales,Sales Executive,Female,Divorced,Technical Degree,4,Travel_Rarely,2,1,10,1,6144,23,1,1,4,1,4,3,No,2,1,9,4,Yes,46-55
1360,51,Human Resources,Human Resources,Male,Married,Medical,2,Non-Travel,0,0,10,0,4079,18,3,1,4,4,1,3,No,0,1,0,6,No,46-55
1361,20,Human Resources,Manager,Male,Married,Medical,2,Non-Travel,1,0,6,0,8429,23,3,3,3,3,3,3,No,2,2,10,11,No,18-25
1362,54,Research & Development,Research Director,Male,Divorced,Life Sciences,3,Travel_Rarely,0,0,10,0,8180,25,1,1,1,1,1,3,No,4,0,0,28,Yes,46-55
1363,60,Sales,Sales Representative,Male,Divorced,Medical,1,Travel_Rarely,5,2,12,2,4330,12,2,2,1,3,4,3,No,4,0,14,5,No,55+
1364,57,Research & Development,Manager,Female,Single,Technical Degree,5,Travel_Rarely,13,7,2,8,8175,22,1,3,3,3,1,4,No,5,6,18,29,Yes,55+
1365,43,Research & Development,Laboratory Technician,Male,Single,Medical,4,Travel_Rarely,9,3,0,5,2693,18,3,3,3,1,1,3,No,5,9,15,22,No,36-45
1366,40,Research & Development,Research Scientist,Female,Married,Technical Degree,2,Travel_Rarely,4,2,9,2,5808,18,1,4,4,2,2,3,Yes,3,7,5,14,No,36-45
1367,56,Research & Development,Healthcare Representative,Male,Divorced,Medical,5,Travel_Rarely,3,1,8,1,4283,15,2,4,4,3,4,3,No,1,5,4,10,No,55+
1368,32,Research & Development,Manager,Female,Divorced,Life Sciences,2,Travel_Rarely,5,2,11,3,12410,25,0,3,3,2,3,3,No,4,6,9,11,No,26-35
1369,21,Research & Development,Manager,Male,Divorced,Life Sciences,1,Travel_Rarely,3,2,5,1,10587,23,0,1,3,3,4,3,No,0,0,11,3,No,18-25
1370,46,Research & Development,Laboratory Technician,Female,Married,Life Sciences,5,Travel_Rarely,1,0,12,0,2853,13,1,1,3,2,1,3,Yes,0,0,5,23,Yes,46-55
1371,39,Research & Development,Research Director,Male,Married,Marketing,4,Travel_Rarely,6,4,12,3,8582,19,1,1,3,4,4,3,Yes,3,8,13,8,No,36-45
1372,42,Human Resources,Manager,Male,Single,Technical Degree,2,Non-Travel,12,5,11,3,10277,22,3,1,1,2,4,3,Yes,1,4,19,21,No,36-45
1373,30,Research & Development,Research Scientist,Male,Single,Life Sciences,1,Travel_Rarely,2,1,6,1,5576,17,2,4,4,2,2,3,No,1,6,6,5,No,26-35
1374,35,Research & Development,Manufacturing Director,Male,Married,Medical,5,Non-Travel,11,3,0,2,10116,11,3,2,2,2,2,3,No,5,5,18,28,Yes,26-35
1375,50,Research & Development,Manufacturing Director,Female,Married,Medical,2,Travel_Rarely,3,2,0,1,9019,18,3,3,3,2,4,3,No,2,3,17,20,No,46-55
1376,33,Research & Development,Research Director,Male,Married,Medical,2,Travel_Rarely,3,2,3,2,10070,20,0,1,3,4,2,3,No,0,0,10,26,No,26-35
1377,59,Research & Development,Manager,Male,Married,Life Sciences,4,Travel_Rarely,0,0,6,0,12400,23,3,4,3,1,1,3,No,0,3,14,21,No,55+
1378,19,Research & Development,Research Director,Female,Single,Life Sciences,1,Travel_Rarely,7,4,13,5,9827,15,3,2,2,2,1,3,No,6,9,11,28,Yes,18-25
1379,52,Research & Development,Manager,Male,Married,Life Sciences,3,Non-Travel,9,7,10,4,9363,16,0,3,4,1,1,3,Yes,0,9,13,10,Yes,46-55
1380,59,Research & Development,Manager,Female,Single,Life Sciences,2,Travel_Rarely,6,4,14,5,10795,19,0,3,4,3,2,3,Yes,0,7,9,27,No,55+
1381,51,Research & Development,Manufacturing Director,Female,Married,Life Sciences,5,Travel_Rarely,0,0,10,0,10285,20,2,3,3,1,4,3,No,6,0,0,8,No,46-55
1382,47,Human Resources,Manager,Male,Married,Life Sciences,4,Non-Travel,0,0,7,0,10581,25,2,1,3,2,1,3,Yes,4,1,8,21,Yes,46-55
1383,30,Sales,Sales Representative,Female,Married,Medical,4,Travel_Rarely,5,3,9,1,4267,24,2,3,4,1,3,4,No,1,7,6,9,No,26-35
1384,30,Sales,Sales Representative,Male,Divorced,Life Sciences,2,Travel_Rarely,3,2,8,1,3583,18,1,1,2,4,1,4,No,2,1,3,29,No,26-35
1385,35,Research & Development,Healthcare Representative,Male,Single,Other,2,Travel_Rarely,3,1,0,2,5656,24,0,2,3,4,4,4,Yes,4,9,8,28,Yes,26-35
1386,49,Sales,Sales Executive,Male,Married,Life Sciences,2,Travel_Rarely,20,15,3,7,4591,21,1,4,2,2,1,3,No,1,8,24,29,Yes,46-55
1387,49,Sales,Sales Representative,Male,Married,Life Sciences,3,Travel_Rarely,7,4,3,1,4228,24,1,4,2,1,3,3,No,3,2,17,15,No,46-55
1388,52,Research & Development,Healthcare Representative,Female,Married,Life Sciences,2,Travel_Rarely,3,2,2,2,4850,24,2,4,4,3,1,3,Yes,0,2,17,1,Yes,46-55
1389,56,Sales,Sales Executive,Female,Divorced,Life Sciences,1,Travel_Rarely,0,0,6,0,4003,13,0,3,3,4,1,3,No,2,5,0,23,No,55+
1390,46,Sales,Sales Representative,Male,Married,Technical Degree,5,Travel_Frequently,0,0,0,0,4760,23,1,4,1,2,4,3,No,1,2,6,5,No,46-55
1391,46,Human Resources,Manager,Male,Divorced,Life Sciences,2,Travel_Rarely,6,1,8,1,8852,15,3,2,4,4,1,3,No,3,8,12,15,No,46-55
1392,33,Sales,Sales Representative,Female,Single,Other,3,Travel_Frequently,10,3,12,6,3212,14,3,1,4,2,1,3,No,0,7,12,4,Yes,26-35
1393,27,Research & Development,Laboratory Technician,Male,Divorced,Human Resources,5,Non-Travel,7,5,7,2,3074,24,0,4,1,1,2,3,No,3,3,14,19,Yes,26-35
1394,47,Research & Development,Manufacturing Director,Male,Single,Medical,4,Non-Travel,3,1,1,2,7986,11,1,1,3,1,4,3,No,6,5,17,28,No,46-55
1395,42,Human Resources,Manager,Male,Divorced,Medical,2,Travel_Rarely,0,0,1,0,9762,15,2,1,2,1,4,3,Yes,3,7,5,10,Yes,36-45
1396,56,Sales,Manager,Female,Married,Medical,5,Travel_Rarely,20,8,7,13,7574,20,1,4,2,1,4,3,No,4,3,23,23,Yes,55+
1397,37,Research & Development,Manager,Male,Single,Life Sciences,4,Travel_Rarely,25,15,10,9,7484,17,3,4,2,1,4,3,No,3,4,34,28,No,36-45
1398,22,Research & Development,Research Director,Female,Married,Medical,3,Travel_Rarely,4,1,13,3,9269,11,3,4,3,2,1,3,No,4,6,13,2,No,18-25
1399,18,Research & Development,Healthcare Representative,Female,Divorced,Life Sciences,1,Travel_Rarely,0,0,14,0,5082,14,2,3,4,4,3,3,No,5,7,9,5,No,18-25
1400,47,Research & Development,Laboratory Technician,Male,Single,Life Sciences,2,Non-Travel,4,2,0,3,2785,16,0,4,4,3,3,4,Yes,4,6,15,18,Yes,46-55
1401,20,Research & Development,Manager,Male,Married,Medical,1,Travel_Rarely,13,8,12,5,9385,21,1,3,4,4,2,3,No,6,7,25,23,No,18-25
1402,31,Research & Development,Research Scientist,Female,Divorced,Medical,3,Travel_Rarely,6,5,6,4,5337,22,3,2,4,1,1,3,No,6,3,20,6,No,26-35
1403,47,Research & Development,Research Director,Male,Married,Human Resources,5,Travel_Rarely,7,4,8,4,7748,19,1,1,4,4,4,3,No,3,0,9,29,No,46-55
1404,21,Research & Development,Research Director,Female,Single,Life Sciences,5,Travel_Rarely,0,0,11,0,12648,21,2,2,1,4,4,3,No,1,5,0,10,Yes,18-25
1405,35,Research & Development,Manager,Female,Married,Technical Degree,3,Travel_Rarely,0,0,14,0,11984,18,2,4,2,2,3,4,No,3,4,12,15,No,26-35
1406,54,Human Resources,Manager,Female,Married,Life Sciences,3,Travel_Rarely,0,0,2,0,8329,12,0,1,2,3,2,3,No,3,3,1,23,No,46-55
1407,42,Sales,Manager,Female,Divorced,Life Sciences,2,Non-Travel,14,12,6,6,8079,21,2,4,3,3,1,3,No,1,1,15,28,No,36-45
1408,18,Human Resources,Human Resources,Female,Married,Life Sciences,4,Travel_Frequently,4,2,5,1,4513,13,0,4,1,1,2,3,No,0,0,18,9,No,18-25
1409,32,Sales,Sales Executive,Female,Married,Life Sciences,1,Travel_Rarely,9,3,14,4,5892,20,1,1,4,2,1,3,No,2,8,21,13,Yes,26-35
1410,26,Sales,Manager,Male,Divorced,Life Sciences,1,Travel_Rarely,0,0,6,0,12370,23,3,2,4,2,2,4,No,5,1,10,18,Yes,26-35
1411,32,Sales,Manager,Male,Married,Medical,5,Travel_Rarely,15,4,6,8,9237,15,3,4,4,2,2,3,No,0,8,19,25,No,26-35
1412,41,Research & Development,Manufacturing Director,Male,Single,Technical Degree,5,Non-Travel,10,9,9,2,9367,21,0,1,1,2,4,3,Yes,3,5,13,7,No,36-45
1413,21,Research & Development,Healthcare Representative,Female,Single,Medical,2,Non-Travel,1,0,0,0,6899,17,3,2,3,2,3,3,No,0,5,2,2,No,18-25
1414,29,Sales,Manager,Male,Married,Medical,3,Travel_Rarely,12,8,13,10,9629,13,0,3,1,3,4,4,No,2,1,22,16,No,26-35
1415,54,Sales,Manager,Female,Single,Technical Degree,1,Travel_Rarely,1,0,2,0,7860,22,0,2,3,3,3,4,No,6,5,15,26,No,46-55
1416,54,Human Resources,Human Resources,Male,Divorced,Marketing,2,Travel_Rarely,1,0,9,0,4105,17,1,2,2,4,2,3,No,0,2,9,2,Yes,46-55
1417,60,Research & Development,Manufacturing Director,Female,Married,Medical,5,Travel_Rarely,1,0,0,0,7055,15,1,1,3,3,1,3,Yes,2,6,7,4,Yes,55+
1418,23,Research & Development,Manufacturing Director,Male,Single,Life Sciences,5,Travel_Rarely,14,6,4,9,6479,20,2,2,2,2,4,3,Yes,0,9,21,2,Yes,18-25
1419,56,Research & Development,Research Director,Female,Married,Human Resources,1,Travel_Rarely,14,9,2,9,11883,16,0,3,3,4,1,4,No,4,3,21,17,No,55+
1420,41,Research & Development,Healthcare Representative,Male,Married,Medical,5,Travel_Rarely,2,1,0,1,4903,16,1,3,2,3,4,3,No,3,8,3,6,Yes,36-45
1421,28,Sales,Sales Representative,Male,Divorced,Life Sciences,5,Travel_Rarely,7,4,1,2,2804,21,0,4,2,4,4,3,Yes,2,4,21,10,No,26-35
1422,30,Research & Development,Research Scientist,Male,Divorced,Life Sciences,4,Travel_Rarely,6,4,9,4,7279,21,0,3,4,3,4,3,No,5,9,10,14,No,26-35
1423,51,Research & Development,Research Scientist,Female,Married,Technical Degree,3,Non-Travel,9,7,4,4,5864,24,0,4,3,1,1,3,No,3,2,11,27,No,46-55
1424,42,Sales,Manager,Male,Married,Life Sciences,5,Travel_Rarely,2,1,10,0,8489,22,1,3,4,3,4,3,No,4,0,11,15,Yes,36-45
1425,24,Research & Development,Healthcare Representative,Male,Married,Other,4,Non-Travel,4,1,2,1,4979,14,0,2,2,4,4,3,Yes,6,0,12,21,No,18-25
1426,21,Sales,Sales Representative,Female,Married,Life Sciences,2,Travel_Rarely,6,3,5,2,3305,22,0,4,4,1,4,4,Yes,0,3,14,12,No,18-25
1427,25,Research & Development,Manager,Female,Single,Technical Degree,5,Travel_Rarely,0,0,8,0,8250,18,2,3,1,2,1,3,No,3,9,5,19,Yes,18-25
1428,37,Research & Development,Research Director,Female,Single,Life Sciences,2,Non-Travel,2,1,5,1,12394,19,0,2,4,4,4,3,Yes,0,9,14,11,Yes,36-45
1429,46,Research & Development,Research Director,Male,Married,Medical,5,Travel_Rarely,7,6,1,6,8570,12,2,2,3,2,1,3,No,0,3,10,1,Yes,46-55
1430,27,Research & Development,Healthcare Representative,Male,Single,Human Resources,1,Travel_Rarely,1,0,1,0,5912,19,0,4,4,2,3,3,Yes,3,8,8,25,Yes,26-35
1431,60,Research & Development,Research Director,Female,Single,Medical,4,Non-Travel,18,8,14,16,8040,21,2,1,1,4,4,4,No,2,7,22,8,No,55+
1432,51,Sales,Sales Executive,Male,Married,Medical,4,Travel_Rarely,0,0,12,0,6848,22,1,2,4,2,2,3,No,2,3,2,22,Yes,46-55
1433,43,Sales,Sales Executive,Female,Single,Life Sciences,1,Travel_Frequently,19,6,12,9,5809,14,1,2,2,4,3,3,No,3,5,31,6,Yes,36-45
1434,58,Research & Development,Laboratory Technician,Male,Married,Life Sciences,3,Travel_Rarely,1,0,7,0,4294,16,3,1,2,4,1,3,Yes,2,6,11,12,Yes,55+
1435,20,Research & Development,Manager,Male,Married,Life Sciences,4,Travel_Frequently,0,0,10,0,9348,24,0,4,2,3,2,3,No,1,9,13,20,No,18-25
1436,23,Sales,Sales Executive,Male,Divorced,Marketing,2,Travel_Rarely,2,1,7,0,6432,17,3,3,3,1,1,4,No,0,7,9,16,No,18-25
1437,22,Research & Development,Manufacturing Director,Male,Married,Life Sciences,4,Travel_Rarely,9,8,5,7,10497,14,3,3,4,2,1,3,Yes,3,3,22,29,No,18-25
1438,22,Sales,Sales Representative,Male,Single,Life Sciences,3,Travel_Rarely,8,6,9,5,4276,18,2,2,2,2,4,4,No,5,0,21,18,No,18-25
1439,40,Research & Development,Manufacturing Director,Male,Married,Medical,2,Travel_Rarely,1,0,6,0,6846,23,1,1,4,1,2,3,No,4,4,12,12,No,36-45
1440,26,Sales,Sales Representative,Female,Divorced,Medical,2,Travel_Rarely,1,0,0,0,2833,24,0,2,1,1,1,3,No,6,0,6,20,No,26-35
1441,52,Research & Development,Laboratory Technician,Male,Divorced,Marketing,1,Travel_Rarely,6,5,14,3,2883,20,0,4,1,1,3,3,Yes,3,3,10,2,No,46-55
1442,37,Research & Development,Research Director,Female,Married,Life Sciences,5,Travel_Rarely,3,1,11,1,8273,18,2,2,3,1,4,3,Yes,3,6,3,29,No,36-45
1443,59,Sales,Sales Representative,Female,Married,Life Sciences,1,Travel_Rarely,9,3,8,6,4322,11,3,3,4,1,3,3,Yes,0,6,11,7,Yes,55+
1444,52,Research & Development,Laboratory Technician,Male,Divorced,Other,5,Travel_Rarely,0,0,4,0,3629,18,2,1,1,3,3,3,No,4,0,6,9,Yes,46-55
1445,35,Research & Development,Manufacturing Director,Male,Single,Life Sciences,1,Travel_Rarely,5,3,8,1,8924,20,3,4,3,4,4,3,No,0,8,7,29,No,26-35
1446,34,Sales,Sales Representative,Female,Married,Technical Degree,5,Travel_Rarely,7,2,1,5,3331,24,0,2,3,1,1,3,No,5,1,7,18,Yes,26-35
1447,41,Sales,Sales Representative,Female,Married,Technical Degree,4,Travel_Rarely,30,28,13,7,3124,22,2,3,2,3,3,3,No,6,4,37,9,Yes,36-45
1448,20,Sales,Sales Representative,Female,Single,Marketing,2,Travel_Rarely,6,5,7,4,3233,13,3,2,1,1,1,3,Yes,2,5,12,25,No,18-25
1449,49,Sales,Manager,Female,Married,Life Sciences,5,Travel_Rarely,1,0,6,0,9361,15,2,3,4,1,1,3,No,3,0,5,8,No,46-55
1450,52,Research & Development,Healthcare Representative,Female,Single,Technical Degree,4,Non-Travel,0,0,10,0,6469,24,1,1,1,2,4,3,Yes,0,1,11,1,Yes,46-55
1451,55,Research & Development,Research Director,Male,Married,Marketing,3,Travel_Rarely,6,5,13,1,9050,20,2,4,1,2,3,3,Yes,6,6,15,5,Yes,46-55
1452,30,Research & Development,Manufacturing Director,Male,Divorced,Medical,1,Travel_Rarely,4,3,3,1,9753,18,0,2,4,2,3,3,Yes,5,5,8,16,No,26-35
1453,42,Sales,Sales Executive,Female,Single,Life Sciences,3,Non-Travel,13,12,2,7,5474,21,2,4,4,2,4,3,Yes,5,5,18,14,Yes,36-45
1454,26,Sales,Sales Representative,Male,Divorced,Life Sciences,4,Travel_Rarely,7,5,3,6,4659,16,0,1,2,4,1,3,No,6,5,13,26,No,26-35
1455,21,Sales,Sales Executive,Female,Single,Life Sciences,3,Travel_Rarely,4,3,3,2,4698,14,0,3,3,4,1,3,No,1,6,16,13,No,18-25
1456,31,Research & Development,Research Director,Male,Married,Medical,3,Non-Travel,3,1,9,0,10169,25,2,1,4,2,4,3,Yes,3,9,5,29,No,26-35
1457,54,Research & Development,Manufacturing Director,Male,Single,Medical,4,Travel_Rarely,3,2,9,1,6863,14,2,1,4,2,1,3,No,5,8,13,11,No,46-55
1458,51,Sales,Sales Representative,Female,Divorced,Life Sciences,2,Travel_Rarely,1,0,7,0,3503,22,2,4,1,1,1,3,No,6,8,12,20,No,46-55
1459,28,Research & Development,Healthcare Representative,Male,Married,Medical,5,Travel_Rarely,0,0,12,0,5741,14,1,1,4,1,3,3,Yes,2,1,13,23,No,26-35
1460,58,Research & Development,Manager,Male,Married,Life Sciences,1,Travel_Rarely,5,4,12,3,11156,16,1,2,4,2,1,3,Yes,0,1,19,13,Yes,55+
1461,20,Research & Development,Research Director,Male,Divorced,Medical,5,Travel_Rarely,1,0,3,0,8729,17,3,3,1,2,1,3,No,0,4,12,27,No,18-25
1462,45,Research & Development,Laboratory Technician,Female,Married,Human Resources,1,Travel_Rarely,1,0,13,0,2978,23,2,1,1,2,1,3,No,1,9,4,15,Yes,36-45
1463,46,Research & Development,Research Director,Male,Divorced,Life Sciences,5,Travel_Rarely,0,0,4,0,11199,15,3,2,1,1,1,3,No,2,6,0,24,No,46-55
1464,26,Research & Development,Research Scientist,Female,Married,Life Sciences,3,Travel_Rarely,1,0,1,0,5662,20,3,3,2,2,4,3,No,5,2,7,26,No,26-35
1465,20,Research & Development,Research Director,Male,Divorced,Life Sciences,2,Non-Travel,0,0,12,0,10347,24,0,4,3,2,4,3,No,6,2,9,27,No,18-25
1466,42,Research & Development,Healthcare Representative,Female,Married,Medical,3,Travel_Rarely,6,5,3,3,6768,18,3,3,4,4,4,3,No,1,3,7,16,No,36-45
1467,51,Sales,Sales Executive,Female,Single,Marketing,2,Non-Travel,3,1,6,1,5497,17,2,4,1,4,1,3,No,5,2,9,13,No,46-55
1468,29,Research & Development,Research Director,Male,Married,Human Resources,4,Travel_Rarely,4,2,2,3,11319,18,1,3,1,1,4,3,No,5,2,9,8,No,26-35
1469,59,Sales,Sales Executive,Male,Single,Life Sciences,1,Non-Travel,6,2,13,4,5970,25,3,1,3,4,2,3,No,3,7,9,18,Yes,55+
1470,26,Research & Development,Laboratory Technician,Male,Married,Other,1,Travel_Rarely,21,6,13,7,4102,14,3,4,2,1,2,3,No,4,6,31,19,No,26-35
